C4_A15010000H_000045,洛碁大飯店忠孝館,台北，國際交流的重要驛站，沈澱了各種文化基因，充滿了自由人文氣息，像是手上的咖啡，醇厚的令人嚮往。洛碁大飯店，第一個在台北市創立的大型連鎖飯店品牌，在捷運旁、熱鬧的西門町、台北車站、金融商圈等地，都能找到洛碁大飯店。堅持以平實的價格、多元的選擇及貼心的服務，提供每位旅客充電與休憩的地方，不論是您有意的安排或者偶然的巧遇，我們都期待您的來訪，一起在這美麗而多變的土地寫下屬於您的台北故事。,,臺北市大安區忠孝東路四段180號1樓、4樓至14樓,106,臺北市,大安區,886-2-27116869,886-2-27115518,A15010000H,http://zhongxiao.greenworldhotels.com,https://taiwan.taiwanstay.net.tw/twpic/92202.jpg?v=20250702,標準雙床房(無窗)－無障礙空間,https://taiwan.taiwanstay.net.tw/twpic/92203.jpg?v=20250702,標準雙床房(無窗)－無障礙空間-浴室,https://taiwan.taiwanstay.net.tw/twpic/92375.jpg?v=20250702,,121.542774,25.041256,3,,雙人房10000;單人房10000;單人房(無障礙客房)7500;雙人房10000;,"餐廳,會議場所,無線網路,國民旅遊卡,停車場,無障礙客房,自助洗衣(收費),上網電腦(免費),,,,洗衣服務,郵電服務,貴重物品保管專櫃,接送服務,AED,,,自行車友善旅宿",車位:小客車35輛、機車0輛、大客車0輛,150,3000,28000,0,zhongxiao@greenworldhotels.com,340,0,,,35
C4_A15010000H_000171,老爺大酒店,"台北老爺大酒店，1984年成立，委由大倉日航酒店管理集團(Okura Nikko Hotel Management Co., Ltd.)經營管理，為台灣第一家國際日航連鎖飯店(Nikko Hotels International)。酒店由日本頂尖設計公司「久米設計」全新打造，以穩重純淨的白色基調，呈現出獨特的後現代歐風，強調現代、摩登、明亮採光的穿透性空間感，隱約透露東方圖騰的韻味，令人為之驚艷。酒店設有三間主題餐廳：Le Café咖啡廳、中山日本料理廳、明宮中餐廳以及烘焙坊、Royal VIP Lounge、2間會議室及休閒設施等，可滿足客人不同之需求。這座十二層建築物位於台北市中山北路的商業中心區，45分鐘車程可至桃園國際機場、15分鐘車程可至松山國際機場、步行3分鐘可至捷運中山站 。酒店客房總數202間，新穎的客房設施，兼顧商務與休閒需求，並強調其安全性，讓每位旅客感受舒適安心。榮獲交通部觀光局星級旅館評鑑，中華民國觀光旅館最高評等「五星級觀光飯店」榮耀，肯定台北老爺大酒店細膩的服務與新穎的硬體設施，讓在國際上榮獲極高評價之台北老爺大酒店持續受到全球的矚目與青睞。",5,臺北市中山區中山北路2段37之1號,104,臺北市,中山區,886-2-25423266,886-2-25434897,A15010000H,http://www.royal-taipei.com.tw,https://taiwan.taiwanstay.net.tw/twpic/5633.jpg?v=20250702,飯店外觀,https://taiwan.taiwanstay.net.tw/twpic/76173.jpg?v=20250702,大廳,https://taiwan.taiwanstay.net.tw/twpic/76171.jpg?v=20250702,「明宮」粵菜廳,121.522847,25.053969,1,,雙人房(無障礙客房)9800;套房38000;雙人房9800;套房58000;套房23000;套房30000;雙人房14800;雙人房12800;,"餐廳,會議場所,咖啡廳,酒吧,宴會廳,商店,有線網路,無線網路,iTaiwan,國民旅遊卡,停車場,無障礙客房,上網電腦(免費),,,,洗衣服務,商務旅遊中心,貴重物品保管專櫃,接送服務,行動支付,穆斯林餐廳,哺乳室,AED,外幣兌換,,",車位:小客車44輛、機車0輛、大客車0輛,202,8800,58000,1,service@royal-taipei.com.tw,404,0,,,44
C4_A15010000H_000579,幸福讚精品飯店,"新莊幸福讚精品飯店提供高品質住宿和優質服務，讓您到訪台北市依然感覺賓至如歸。 這間4星級酒店距離機場僅有33 KM的路程，交通方便。 酒店位置優越，住客前往市區內熱門景點方便快捷。新莊幸福讚精品飯店提供優質貼心的服務和方便實用的設施，贏得了客人的一致好評。 客人可享受酒店的服務如所有房間免費 Wi-Fi, 每日客房清潔服務, 雜貨速遞, 的士服務, 輪椅無障礙友善設施。 每間房都可感受到新莊幸福讚精品飯店的獨有風格，客人還可盡情享受酒店提供的壁櫥, 清潔用品, 免費紅茶, 毛巾, 已鋪地毯等設施。 酒店各種娛樂設施讓您在入住期間享受更多樂趣。 新莊幸福讚精品飯店地理位置優越，為客人提供一流服務。餐飲提供-早餐百匯餐廳會議室提供商務開會, 歡迎來電洽詢!!",,新北市新莊區思源路332巷9號1至8樓及11號2至5樓,242,新北市,新莊區,886-2-29975186,886-2-29981155,A15010000H,,https://taiwan.taiwanstay.net.tw/twpic/265292.jpg?v=20250702,幸福讚精品飯店,,,,,121.461143,25.050988,3,,,"餐廳,會議場所,宴會廳,有線網路,無線網路,國民旅遊卡,停車場,自助洗衣(免費),洗衣服務,自行車友善旅宿",車位:小客車31輛、機車31輛、大客車0輛,44,3990,48800,0,happinessinn5223@gmail.com,88,0,2,3,62
C4_A15010000H_000590,晶華酒店,"台北晶華酒店是國際麗晶酒店集團的旗艦店，也是全台北市最卓越、最受歡迎的國際五星級飯店之一。主要的客層包括國際商旅、觀光客及本地客人，裝潢上強調簡雅大方，服務上則務求精緻細膩，期能提供顧客最高品質的住宿、餐飲享受，成為全台精緻生活的標竿。飯店內共有八間中西美食以及餐廳、提供消費者品味中、西、日式佳餚的極致享受；位於二十樓的沐蘭SPA則擁有世界級的頂級芳香療程；而頂樓溫水游泳池、健身房、以及地下一、二樓的麗晶精品名店街…等休閒設施，更可營造完美的渡假享受！台北晶華酒店卓越的服務與設施,在國際獎項中獲獎連連，更連續兩年獲得Conde Naste Traveler讀者票選為亞洲最佳50大飯店之列，且為臺灣區的第一名。亦是許多世界級政商名流與影視巨星蒞臨台北時的首選下榻飯店。飯店擁有538間客房，間間採光良好、平均坪數居業界之冠，每房皆備有快速的便利的ADSL以及無線接撥和寬頻上網系統，房客可隨時輕鬆悠遊網路世界。除此之外，客房內還貼心的提供「枕頭選單」，共有羽毛枕、空氣枕、羊毛枕、記憶枕...等八款軟硬和材質不同的選擇。結合高科技材質、擁有感溫、塑型、釋壓、舒眠效果的Wellspring臥舒麗床墊，更為房客營造出最舒適的睡眠環境。本飯店位居台北市的中心地帶，緊鄰台北火車站與捷運淡水線中山站4號出口，並鄰近南西/中山百貨商圈，飯店門口也設有機場接駁與各線公車停駁站，連接全台北市各觀光與知名據點。無論是遊覽、購物或商務洽公,皆享最快速方便的交通服務。",5,臺北市中山區中山北路2段39巷3號,104,臺北市,中山區,886-2-25238000,886-2-25232828,A15010000H,http://www.regenttaiwan.com,https://taiwan.taiwanstay.net.tw/twpic/117593.jpg?v=20250702,外觀,https://taiwan.taiwanstay.net.tw/twpic/117607.jpg?v=20250702,大廳,https://taiwan.taiwanstay.net.tw/twpic/117606.jpg?v=20250702,外觀,121.524578,25.054066,1,,套房150000;雙人房25000;套房180000;雙人房(無障礙客房)17000;雙人房18800;雙人房(無障礙客房)25800;雙人房16000;套房30000;雙人房(無障礙客房)25800;雙人房45000;雙人房17800;雙人房28000;,"餐廳,會議場所,咖啡廳,酒吧,宴會廳,健身房,商店,游泳池,有線網路,無線網路,三溫暖,國民旅遊卡,停車場,無障礙客房,,,,洗衣服務,商務旅遊中心,貴重物品保管專櫃,接送服務,行動支付,體驗活動,穆斯林餐廳,哺乳室,AED,外幣兌換,,,自行車友善旅宿",車位:小客車251輛、機車0輛、大客車0輛,550,16000,180000,1,customerservice@regenttaiwan.com,1100,0,,,251
C4_A15010000H_000824,大倉久和大飯店,"中日系名門頂級飯店The Okura Prestige Taipei 大倉久和大飯店台北市繁華中心飯店位於深具日本歷史淵源、日本商社匯聚的台北市南京中山商圈，為金融商務與購物休閒娛樂區域中心，坐擁商務大廈、國際精品店、頂級餐廳的繁華地段；中山北路沿途大道濃蔭蔽天、景觀優美，各國大使館與異國餐廳匯聚，最能感受台北市潮流脈動。現代經典空間 蘊藏大倉文化傳承台北大倉為大倉品牌Prestige系列超五星級飯店，大樓外觀為香港著名的Rocco Design Architects Limited設計的最新力作。飯店內部裝潢由香港著名的飯店設計公司Chhada, Siembieda & Associates Ltd主導，大廳以新古典歐式設計為主調，以簡潔的顏色與線條的現代空間中，在細微處巧妙置入歐洲古典圖騰、水晶燈等元素，展現低調沉穩的氛圍。空間裡蘊藏著傳統日本優雅纖細的脈絡，展現功能與美學之間的平衡，傳遞日本追求自然和諧的概念文化特色。穿梭於自在舒適的空間中，更承襲自東京大倉以「親切」與「和」的服務精神，延續大倉飯店50年細膩款待貴客之道。奢華住宿體驗 豐富生活享樂風尚飯店擁有208間配備先進的客房與套房，挑高設計的空間完美結合現代經典裝潢與日式功能美學，盡享極致寧靜舒適的住宿氛圍；房客同時能享受專業健身房、頂樓露天溫水游泳池、SPA與三溫暖等設備，紓緩身體與心靈。飯店內並擁有多功能宴會場地，皆由專業服務人員細心依照貴賓需求，客製化喜慶婚宴與專業會議規劃，為舉辦各式重要宴會與會議的場地首選。與東京零距離同享精緻餐飲山里日本料理與桃花林中華料理等東京餐飲界指標性餐廳，已進駐台北大倉，零距離同步享受東京經典佳餚。館內並擁有 Continental Room 歐風館全日自助餐廳、The Nine烘焙坊；大廳設有 The Pearl 珍珠酒吧，為品味各國佳釀的自在空間；飯店最高樓層的露天溫水泳池另設酒吧，可眺遠台北101大樓，郊區山景與大台北繁華景致盡收眼底。",5,臺北市中山區南京東路1段9號,104,臺北市,中山區,886-2-25231111,886-2-21815150,A15010000H,http://www.okurataipei.com.tw,https://taiwan.taiwanstay.net.tw/twpic/10025.jpg?v=20250702,大廳,https://taiwan.taiwanstay.net.tw/twpic/23009.jpg?v=20250702,游泳池,https://taiwan.taiwanstay.net.tw/twpic/26163.jpg?v=20250702,餐廳,121.523334,25.052401,3,,雙人房16000;雙人房160000;雙人房50000;單人房(無障礙客房)15000;單人房(無障礙客房)18500;雙人房35000;雙人房21000;,"餐廳,會議場所,咖啡廳,酒吧,宴會廳,健身房,游泳池,有線網路,無線網路,三溫暖,國民旅遊卡,停車場,無障礙客房,上網電腦(免費),,,,洗衣服務,商務旅遊中心,AED,外幣兌換,,",車位:小客車0輛、機車0輛、大客車0輛,208,50000,160000,1,,416,0,,,0
C4_A15010000H_000848,雀客藏居台北南港,雀客旅館台北南港館座落於台北市新興之南港重劃區，歐風建築外觀，挑高近20公尺的中庭大廳中可見兩部景觀電梯及迴旋樓梯。交通便利，距離南港展覽場、南港軟體園區與昆陽捷運站皆在五分鐘內，離內湖科學園區十分鐘車程，台北101、饒河街觀光夜市與五分埔僅十分鐘車程，是國內外商務人士洽公與休閒的好選擇。.,3,臺北市南港區重陽路59號,115,臺北市,南港區,886-2-26512251,,A15010000H,,https://taiwan.taiwanstay.net.tw/twpic/19269.jpg?v=20250702,外觀,https://taiwan.taiwanstay.net.tw/twpic/148346.jpg?v=20250702,經典家庭客房,https://taiwan.taiwanstay.net.tw/twpic/148345.jpg?v=20250702,經典雙人房,121.596699,25.055937,3,,其他10120;其他6600;雙人房(無障礙客房)9500;雙人房9500;,"無線網路,停車場,無障礙客房,,,,",車位:小客車44輛、機車0輛、大客車0輛,105,22880,36080,1,hello.checkinnselecttng.02@hotel.dunqian.tw,248,0,,,44
C4_A15010000H_001146,城市商旅南東館,城市商旅南東館以低調奢華、時尚沉穩的設計理念，於台北市東區再造另一頂級精品旅館，全館融合東西調性，佐以顏色、光線、線型等元素，變化出獨特的旅居空間。全館客房為挑高三米六的舒適高度，融合金箔的建材元素完美呈現精品旅館之典範，讓旅客，體驗典雅溫馨的住房服務。便利的交通網絡，距離松山機場、松山火車站、小巨蛋、信義商圈及 101大樓、松山文創園區等，僅須5-10分鐘車程，距離內湖科技園區、南港軟體科技園區、世貿、南港展覽館等商務重地，僅15分鐘車程。,,臺北市松山區南京東路五段411號地下三樓至7樓,105,臺北市,松山區,886-2-27425888,886-2-25281375,A15010000H,http://www.citysuites.com.tw,https://taiwan.taiwanstay.net.tw/twpic/5997.jpg?v=20250702,,https://taiwan.taiwanstay.net.tw/twpic/8265.jpg?v=20250702,,https://taiwan.taiwanstay.net.tw/twpic/18374.jpg?v=20250702,,121.570087,25.051810,3,,雙人房9000;雙人房10000;雙人房11500;雙人房12500;雙人房(無障礙客房)8500;,"有線網路,無線網路,國民旅遊卡,無障礙客房,,,,行動支付,AED,,,自行車友善旅宿",車位:小客車0輛、機車0輛、大客車0輛,127,3000,20000,0,chriszheng@citysuites.com.tw,272,0,,,0
C4_A15010000H_001175,酩月大飯店,台北住宿推薦位於台北市萬華區的「酩月大飯店」，提供您一個優質享受的住宿休息環境，「酩月大飯店」附近還有許多的休閒旅遊景點，以及地方美食...,,臺北市萬華區成都路21號4至5樓，23號4至5樓，27巷1號4至5樓,108,臺北市,萬華區,886-2-23755218,886-2-23816679,A15010000H,,,,,,,,121.507012,25.042594,3,,,,車位:小客車0輛、機車0輛、大客車0輛,31,12880,16880,0,Taipei.tomorrow@gmail.com,66,0,,,0
C4_A15010000H_001244,在家行旅,在家行旅於台北市中山區，鄰近台北火車站，周圍有市立美術館、中正紀念堂、行天宮、小巨蛋、台北古城(北門)、西門町夜市、迪化老街(大稻埕)、萬華西門紅樓、國家音樂廳、華山藝文特區等等。台北雙連商圈的新地標，不只是提供來台旅客的平價休憩選擇，更是台北市裡充滿個性時尚的街頭藝術品。,,臺北市中山區中山北路二段65巷2弄3號1-4樓,104,臺北市,中山區,886-2-25413959,886-2-25222869,A15010000H,,https://taiwan.taiwanstay.net.tw/twpic/151914.jpg?v=20250702,,https://taiwan.taiwanstay.net.tw/twpic/151915.jpg?v=20250702,,https://taiwan.taiwanstay.net.tw/twpic/151985.jpg?v=20250702,,121.523839,25.056758,3,,,"會議場所,有線網路,無線網路,自助洗衣(免費),上網電腦(免費),,,,洗衣服務,郵電服務,,",車位:小客車0輛、機車0輛、大客車0輛,15,1000,6200,0,iminntaipei@gmail.com,38,0,,,0
C4_A15010000H_001423,台北世聯商旅,位於台北市松江路最繁榮熱鬧的商業中心，擁有四通八達的交通網，鄰近捷運&#34;南京松江站&#34;只需步行一分鐘可抵達，至桃園機場車程僅40分鐘，至松山國際機場約10分鐘(松江路上即有來回機場長榮巴士，約15~20分鐘一班)，並與古意盎然的&#34;松江詩園&#34;為鄰，鬧中取靜、恬適淡雅、環境清新。高格調的規劃，最新進的商務型飯店設計，最細心完善的服務，&#34;世聯&#34;是您下塌台北的最佳去處。　 低調典雅的時尚設計客房，佈置優雅、舒適寢具相伴一夜好眠，加上無微不至的貼心服務，讓您享有賓至如歸的感受。櫃檯服務員皆會說日文.　頂樓餐廳高雅的裝潢，寬敞明亮的空間，搭配輕鬆優雅的音樂，無論是陽光恣意揮灑的日間或夜晚，都襯托出截然不同的風情，為您提高一日活力泉源。,,臺北市中山區松江路90巷5號1至7樓,104,臺北市,中山區,886-2-25626161,886-2-25626448,A15010000H,https://tp.linkworldhotel.com.tw,https://taiwan.taiwanstay.net.tw/twpic/13349.jpg?v=20250702,客房照片,https://taiwan.taiwanstay.net.tw/twpic/41428.jpg?v=20250702,客房照片,https://taiwan.taiwanstay.net.tw/twpic/44474.jpg?v=20250702,浴室,121.531893,25.050635,3,,,"餐廳,無線網路,停車場,,,,洗衣服務,商務旅遊中心,貴重物品保管專櫃,接送服務,外幣兌換,,",車位:小客車0輛、機車0輛、大客車0輛,44,4600,6800,0,tpac@linkworldhotel.com.tw,100,0,,,0
C4_A15010000H_001733,首都唯客樂飯店,首都唯客樂飯店鄰近台北市東區的南京東路繁華地段，四平街商圈步行5分鐘可達，四通八達的交通路線讓您前往台北世貿中心、微風廣場、SOGO百貨，不論是商務洽公或休閒觀光，我們都具備非常便利的地理位置。首都唯客樂飯店我們以歐式高貴建築設計來營造出典雅精緻的設計風格，多年以來，我們更強調以用心、細心、貼心的態度服務每位蒞臨的客人，2011年我們更榮獲觀光局三星級以上的星級評鑑成績，我們將繼續秉持以客為尊的理念，提供您無微不至的住宿體驗。      在首都唯客樂飯店的設計中，將讓您彷彿身為優雅的歐洲貴族，古典中帶點華麗。燈飾華美烘托氣氛，連枕繡被紋都一針一線的講究精緻細膩，連復古傢俱與壁角的原木電視櫃與濃濃懷舊風味的書桌，都讓人彷彿有置身異國風情的飯店體驗，我們深信這絕對會是您來台北出差洽公旅遊的最佳選擇。,,臺北市中山區長春路187號1-9樓,104,臺北市,中山區,886-2-25070168,886-2-25074620,A15010000H,http://www.waikoloa.com.tw/,https://taiwan.taiwanstay.net.tw/twpic/7051.JPG?v=20250702,飯店大廳,https://taiwan.taiwanstay.net.tw/twpic/7361.jpg?v=20250702,飯店外觀,https://taiwan.taiwanstay.net.tw/twpic/15511.JPG?v=20250702,餐廳,121.537778,25.054857,3,,雙人房4100;雙人房4500;雙人房4300;雙人房4300;雙人房3800;雙人房(無障礙客房)6600;,"餐廳,會議場所,咖啡廳,有線網路,停車場,無障礙客房,,,,商務旅遊中心,,,自行車友善旅宿",車位:小客車30輛、機車0輛、大客車0輛,80,5800,13000,0,postmaster@waikoloa.com.tw,168,0,,,30
C4_A15010000H_002083,柯達大飯店敦南店,新都心旅憩 City Life Traveling Mind座落於敦化南路及基隆路口，坐擁台北精華經貿地段，全館採用『後現代』設計的視覺意念，讓出門洽商之餘彷彿置身於時尚空間。下榻柯達飯店台北敦南，讓您的行程更多了都會旅憩的優雅。充實的客房設施、精緻的空間設計以及影音系統，提升在外地洽商的生活品質，讓您不會錯過任何商機，滿足商務行程的所有需求。柯達大飯店台北敦南鄰近六張犁捷運站，步行僅需10分鐘。距離台北市區、通化夜市、信義新天地、威秀影城、公館商圈等知名都會景點皆只需10分鐘車程，無論您是洽公行程或都會旅遊，柯達大飯店台北敦南全體員工期待為您服務。,,臺北市大安區敦化南路二段238號B1-14樓,106,臺北市,大安區,886-2-27323333,886-2-27327700,A15010000H,http://dunnan.khotels.com.tw/zh-TW/,https://taiwan.taiwanstay.net.tw/twpic/16780.jpg?v=20250702,房間2,https://taiwan.taiwanstay.net.tw/twpic/21217.jpg?v=20250702,大廳或櫃檯,https://taiwan.taiwanstay.net.tw/twpic/31763.jpg?v=20250702,外觀,121.548279,25.021017,3,,雙人房15000;單人房15000;雙人房15000;雙人房15000;雙人房15000;其他(無障礙客房)15000;,"有線網路,無線網路,國民旅遊卡,停車場,無障礙客房,自助洗衣(免費),上網電腦(免費),,,,洗衣服務,接送服務,AED,外幣兌換,,,自行車友善旅宿",車位:小客車0輛、機車0輛、大客車0輛,77,15000,22000,0,dunnan@khotels.com.tw,154,0,,,0
C4_A15010000H_002199,北門文旅,承襲台北府城北門承恩門，台北城自古以來的入口，開辦了北門這個老字號旅社，接待來自各地的旅人們；重新裝修規劃後以「北門文旅」的全新形象呈現，復刻鯤溟會館的經典繡面，將歷史文化與視覺創意結合，並運用AR與VR最新虛擬、擴增實境技術重現舊時大稻埕百年風華，注入旅館之中，賦予全新的生命，在世代的交替中寫下創新的一頁！位於台北市大同區的北門文旅，在捷運、台鐵、高鐵的共構範圍內，交通的便利性不在話下，未來完工的機場捷運，同時提供旅人全方位的交通選擇。鄰近寧夏夜市、後站商圈以及中山、京站廣場，體驗當個摩登台北人享受美食與購物的樂趣；當代藝術館與華山文創園區所提供的空間，讓人沉浸在脫俗的藝文生活中，北門多元生活圈提供旅人外出留宿的最佳選擇！,2,臺北市大同區長安西路145巷3號,103,臺北市,大同區,886-2-25567797,886-2-25567798,A15010000H,,https://taiwan.taiwanstay.net.tw/twpic/65512.jpg?v=20250702,北門文旅,https://taiwan.taiwanstay.net.tw/twpic/65517.jpg?v=20250702,北門文旅,https://taiwan.taiwanstay.net.tw/twpic/65517.jpg?v=20250702,北門文旅,121.514929,25.051736,3,,,"有線網路,無線網路,國民旅遊卡,,,,",車位:小客車0輛、機車0輛、大客車0輛,15,1400,8000,1,bayhotelservice@gmail.com,24,0,,,0
C4_A15010000H_003045,太平洋商旅,太平洋商旅座落於台北市信義區精華商圈， 共有48間客房、商務辦公室、如意餐廳、會議室， 距離捷運台北101/世貿中心僅需步行5-8分鐘， 世貿中心TWTC、國際會議中心TICC、臨江街夜市、象山夜景、 或是輕鬆暢遊捷運淡水信義線，讓您盡情享受出差、旅行的自在。,,"臺北市信義區光復南路495號11樓之2及13,16,17,19樓",110,臺北市,信義區,886-2-87808000,886-2-87805000,A15010000H,http://www.businesscenter.com.tw/,https://taiwan.taiwanstay.net.tw/twpic/79818.jpg?v=20250702,,https://taiwan.taiwanstay.net.tw/twpic/79819.jpg?v=20250702,,https://taiwan.taiwanstay.net.tw/twpic/79821.jpg?v=20250702,,121.557637,25.032465,3,,,"餐廳,會議場所,健身房,無線網路,國民旅遊卡,停車場,,,,洗衣服務,郵電服務,貴重物品保管專櫃,接送服務,外幣兌換,,",車位:小客車0輛、機車0輛、大客車0輛,48,18000,30000,0,pbct.co@msa.hinet.net,96,0,,,0
C4_A15010000H_003148,互舍商旅台北館,台北市重慶北路二段172號（地下三層地上十四層）。其一至三層爲古蹟保留，其原為臺灣鳳梨王葉金塗古宅，葉宅建於西元1926年，於1929年落成，外觀1到3樓是古建築，紅色磚瓦加上洗石子結構，為古典巴洛克式風格；4樓以上則是由灰色花崗石材所砌成的全新建物。新與舊，原本看似衝突的兩種元素，獨具絕色。,,臺北市大同區重慶北路二段172號1至14樓、5樓之1至14樓之1及174號、保安街13、11號4樓,103,臺北市,大同區,886-2-25533919,886-2-25503919,A15010000H,https://hu-house-taipei.mydirectstay.com/tw/index.html,https://taiwan.taiwanstay.net.tw/twpic/3039.jpg?v=20250702,飯店外觀,https://taiwan.taiwanstay.net.tw/twpic/52923.jpg?v=20250702,豪華客房,https://taiwan.taiwanstay.net.tw/twpic/33509.jpg?v=20250702,精緻客房,121.513387,25.059433,3,,,"餐廳,有線網路,無線網路,國民旅遊卡,停車場,無障礙客房,,,,洗衣服務,,",車位:小客車8輛、機車0輛、大客車0輛,148,3600,36000,0,kris.chiu@hu-house.com,350,0,,,8
C4_A15010000H_003254,明日大飯店,明日大飯店台北市便利的位置，距離西門捷運站和著名的西門町購物區有不到3分鐘步行路程，設有現代客房和覆蓋各處的免費無線網絡連接。 酒店距離著名的蔣介石紀念堂僅有15分鐘步行路程，距離台北火車站和台北松山機場均有20分鐘車程，距桃園國際機場有不到40分鐘車程。 空調客房配有木質地板、書桌、平面電視以及帶免費沏茶設施的電熱水壺。連接浴室則配有毛巾、淋浴、吹風機和免費洗浴用品。 明日大飯店友好的員工全天提供服務，提供傳真/影印服務和禮賓服務。旅遊諮詢台則可提供票務服務、觀光服務和旅行安排。 明日大飯店在公共用餐區供應每日自助早餐。大飯店距離眾多供應本地菜餚的餐館和食品攤位有不到5分鐘步行路程。,,臺北市萬華區成都路23號、27巷1號6至8樓,108,臺北市,萬華區,886-2-23755500,886-2-23312243,A15010000H,,,,,,,,121.506969,25.042611,3,,,"會議場所,商店,無線網路,iTaiwan,國民旅遊卡,,,洗衣服務,導覽解說,",車位:小客車0輛、機車0輛、大客車0輛,40,12880,16880,0,taipei.tomorrow@gmail.com,84,0,1,7,0
C4_A15010000H_003295,板橋凱撒大飯店,板橋凱撒大飯店坐擁絕佳地理位置，距離板橋火車站/板橋高鐵/板橋捷運站僅需步行 3 分鐘路程，不論前往台北市區或連通其他縣市或觀光景點即可輕鬆到達。另外週邊景點包括大遠百購物中心、遠東百貨、林本源園邸、南雅夜市、府中商圈等，提供各式休閒娛樂及購物美食多元選擇。飯店共擁有400間客房、9種房型，所有客房內均設有50吋高畫質液晶電視、咖啡、茶包、電熱煮水器及專屬玻璃杯。私人衛浴內配有電子免治馬桶、步入式淋浴間、浴缸和雙洗臉面盆。為了客人旅途的舒適，同時備有毛巾、環保有機盥洗用品、拖鞋、負離子吹風機及嬰兒用品等，各樓層公共區域更提供飲水機方便使用。公共區域的部份，提供Bar 98、蓮花泰式餐廳、家宴中餐廳品嚐各式美饌飲品外，位於32樓更設有高空戶外游泳池、星空酒吧及健身房，享有城市景觀、體驗絕佳視野感官享受。,,新北市板橋區縣民大道二段8號,220,新北市,板橋區,886-2-89538999,886-2-89643957,A15010000H,https://banqiao.caesarpark.com.tw/,https://taiwan.taiwanstay.net.tw/twpic/86608.jpg?v=20250702,板橋凱撒大飯店外觀,https://taiwan.taiwanstay.net.tw/twpic/86608.jpg?v=20250702,板橋凱撒大飯店外觀,https://taiwan.taiwanstay.net.tw/twpic/86608.jpg?v=20250702,板橋凱撒大飯店外觀,121.462667,25.011778,1,,雙人房15400;雙人房16500;雙人房18700;雙人房(無障礙客房)15400;,"餐廳,會議場所,咖啡廳,酒吧,健身房,游泳池,無線網路,國民旅遊卡,停車場,無障礙客房,,,,洗衣服務,商務旅遊中心,貴重物品保管專櫃,接送服務,穆斯林餐廳,哺乳室,AED,外幣兌換,,,自行車友善旅宿",車位:小客車686輛、機車719輛、大客車0輛,400,15400,18700,0,banqiao@caesarpark.com.tw,800,0,,,1405
C4_A15010000H_003560,泉都溫泉會館,"泉都溫泉會館位於新北投捷運站旁,出捷運站步行至會館只需2分鐘,為全臺交通最便利的溫泉會館,不論至台北市中心101大樓、淡水、士林、陽明山國家公園….等皆非常便捷.並且附設大型室內停車場,免除停車的困擾.  會館於2013年5月全新升級改裝,歐式裝潢精緻雅麗,共有多種客房、湯屋、1處資訊中心及歐式新穎餐廰.客房內皆附有白磺溫泉,住客可享有私人泡湯空間,會館並提供多種不同泡湯房型可供選擇,滿足賓客不同的喜好。會館也取得臺北市政府所核發”溫泉標章”,證實為一安心泡湯、住宿場所!除此之外,免費提供多項e化娛樂設備(客房內皆附設VOD影音頻道、可無線上網、可免費租借Wii遊樂器..等),讓您完全體會浪漫時尚的台北溫泉之旅.",,臺北市北投區光明路220號,112,臺北市,北投區,886-2-28960077,886-2-28968255,A15010000H,https://www.cdhotel.com.tw/,https://taiwan.taiwanstay.net.tw/twpic/12833.jpg?v=20250702,房間2,https://taiwan.taiwanstay.net.tw/twpic/33281.jpg?v=20250702,房間3,https://taiwan.taiwanstay.net.tw/twpic/46776.jpg?v=20250702,房間1,121.504616,25.136269,3,,套房5400;雙人房4000;雙人房4800;雙人房4000;其他5800;其他4800;其他(無障礙客房)5800;,"餐廳,無線網路,國民旅遊卡,停車場,溫泉設施,無障礙客房,,,,貴重物品保管專櫃,接送服務,AED,外幣兌換,,,自行車友善旅宿",車位:小客車20輛、機車0輛、大客車0輛,64,1800,7200,0,cdhotel@ms18.hinet.net,176,0,,,20
C4_A15010000H_003670,姆提文創旅店,你好咖啡旅館（NiHao Cafe Hotel）位於台北市大安區，地理位置優越，距離捷運大安站1號出口僅約15公尺，步行約1分鐘即可抵達。 ​旅館融合了咖啡館與設計旅店的概念，環境中充滿綠意植物，提供道地的當地美食和專業咖啡。 ​旅館提供多樣化的客房選擇，包括雙人房、迷你雙人房、雙床房、迷你雙床房、三人房和四人房等。​每間客房均為禁菸房，配有空調、精緻書桌、平面電視、冰箱以及附設的私人浴室，內備免費盥洗用品。 ​咖啡館營業時間為每日早上8點至下午7點，供應早午餐、甜點與飲品等。​櫃檯服務時間為早上8點至晚上11點。​旅館亦提供免費無線網路、行李寄存、自助洗衣等服務，滿足旅客的多樣需求。 ​,,臺北市大安區信義路三段147巷5弄4號1樓,106,臺北市,大安區,886-2-23897563,886-2-2371,A15010000H,https://cafe.nihao.com.tw/,,,,,,,121.542193,25.033922,3,,,"餐廳,咖啡廳,無線網路,,,,洗衣服務,行動支付,,",車位:小客車2輛、機車3輛、大客車0輛,11,2380,16000,0,service@motif.com.tw,26,0,0,0,5
C4_A15010000H_004193,福容大飯店 台北二館,新經典時尚主義打造美麗奢華建築，矗立於深坑往台北交通要塞，國三甲辛亥快速道路直通台北市區，信義快速道路連接台北101、世貿中心，飯店徒步約2分鐘可搭乘公車直達信義微風、台北信義新天地、統一阪急、市政府捷運站等輕鬆享受購物逛街的樂趣。周邊景點豐富，深坑老街、石碇老街、淡蘭古道、菁桐、平溪、十分鐵路之旅；還有老少咸宜的台北市立木柵動物園、福德坑環保復育公園(滑草趣)、貓空纜車近在咫尺、香火鼎盛的指南宮、秘境千島湖驅車即至；走國五至宜蘭僅需約30分鐘，是新北市通往東北角、宜蘭的星級觀光大飯店首選，細膩打造317間客房，滿足台北住宿之商務及度假旅客的各項需求。,4,新北市深坑區萬福里北深路3段236號,222,新北市,深坑區,886-2-26620088,886-2-26621669,A15010000H,https://www.fullon-hotels.com.tw/sk/tw/,https://taiwan.taiwanstay.net.tw/twpic/131056.jpg?v=20250702,房間2,https://taiwan.taiwanstay.net.tw/twpic/7929.JPG?v=20250702,游泳池,https://taiwan.taiwanstay.net.tw/twpic/14017.JPG?v=20250702,房間1,121.600619,25.004084,3,,雙人房9500;雙人房6500;單人房6500;雙人房15000;套房12000;單人房6500;雙人房(無障礙客房)6500;雙人房(無障礙客房)6500;,"餐廳,會議場所,咖啡廳,酒吧,宴會廳,健身房,游泳池,有線網路,無線網路,三溫暖,停車場,無障礙客房,自助洗衣(收費),兒童遊樂設施,洗衣服務,商務旅遊中心,哺乳室,AED,自行車友善旅宿",車位:小客車180輛、機車20輛、大客車0輛,317,6050,16500,1,gm_sk@fullon-hotels.com.tw,876,0,,,200
C4_A15010000H_004313,丰居旅店微風館,緊臨台北市都會區，地處三重新東區的繁華商圈，鄰近捷運站及三重交流道，完美的交通動線，提供商務的絕佳環境。館內巧思設計的空間，散發迷人的日式風情，讓您沉浸其中，可以完全的放鬆自我，細細品味著鬧中取靜的舒適，為您沉澱忙碌的思緒與煩燥。,,新北市三重區三和路4段282號3至12樓(1樓門廳),241,新北市,三重區,886-2-22862288,886-2-22865656,A15010000H,http://via-hotel.com.tw/,https://taiwan.taiwanstay.net.tw/twpic/2519.jpg?v=20250702,餐廳,https://taiwan.taiwanstay.net.tw/twpic/7235.jpg?v=20250702,房間1,https://taiwan.taiwanstay.net.tw/twpic/14419.jpg?v=20250702,外觀,121.485133,25.077328,3,,雙人房2380;套房4580;雙人房(無障礙客房)6200;其他3680;雙人房3580;雙人房3180;套房4280;雙人房2880;雙人房3380;雙人房2880;,"餐廳,會議場所,咖啡廳,健身房,有線網路,無線網路,國民旅遊卡,停車場,無障礙客房,,,,洗衣服務,商務旅遊中心,貴重物品保管專櫃,外幣兌換,,",車位:小客車0輛、機車0輛、大客車0輛,98,15000,30000,0,breezy@via-hotel.com.tw,252,0,,,0
C4_A15010000H_004355,東驛商務旅館,東驛商務旅館於 2013 年全新開幕，座落於台北市西區最重要且國際化程度最高消費的西門町商圈，擁有台北市第一條指標性意義的徒步區 ， 集合百貨公司、 見證電影脈動的電影街 、各式各樣的購物、休閒商家及多元化美食於一身。 交通發達 距離西門捷運站步行只要約 5 分鐘時間。 不論您是休閒娛樂、公務洽商或是逛街購物、享受美食均十分便利。堅持服務與用心是東驛商務旅館對顧客的承諾。店內消防設施及公共安全設備皆經市府評定合格。 精緻的優質客房、 舒適性的格局空間 ，強調睡的品質、無死角的無線寬頻上網、打造商務、觀光旅客的行動驛站。,,臺北市萬華區昆明街76號8-9樓,108,臺北市,萬華區,886-2-23831999,886-2-23880038,A15010000H,http://www.e-house.tw,https://taiwan.taiwanstay.net.tw/twpic/4057.jpg?v=20250702,外觀,https://taiwan.taiwanstay.net.tw/twpic/26973.jpg?v=20250702,房間1,https://taiwan.taiwanstay.net.tw/twpic/30903.jpg?v=20250702,大廳或櫃檯,121.505490,25.045714,3,,單人房2780;,"無線網路,,,郵電服務,商務旅遊中心,導覽解說,",車位:小客車0輛、機車0輛、大客車0輛,34,8000,12000,0,service@e-house.tw,133,0,,,0
C4_A15010000H_004366,春天酒店,綠徑尋幽現芳蹤轉入幽雅路，身邊的城市消失在北投的綠蔭中，空氣中發酵著硫磺及芬多精的氣息，一路稀釋著由塵囂帶來的疲憊。從春天酒店大門走入，清爽明亮的空間感迎面而來，如春風般的笑容、頷首致意的表情，讓人打從心底有如沐春風之感；耳畔傳來古典優雅的樂章，讓人在尋常的日子裡，常保美麗好心情。春天酒店四周明亮的落地玻璃，將目光引向花木扶疏的庭園，藉此空間延伸向戶外，心境也隨之開朗，在這裡為您揭開春的序曲；花園式庭園景觀，巧妙結合著環繞山群與綠意盎然的林木；四季依時序綻放的花卉，創造出倚景賞景開放環境。春天的庭園延伸大廳與南國風情餐廳的空間，不論晴雨晨昏，景致變化萬千，讓時空落在愛麗絲的夢幻仙境中，邀您立即呼朋引伴，展開與春天的約會。 浸浴白磺幸福湯北投春天近於台北市陽明山系大磺嘴源頭，所提供的白磺泉，泉質為弱酸性單純泉，平均溫度約38~42度，酸鹼值在PH4-5。因白磺泉呈乳白色，而有牛奶湯之稱，又幫助改善皮膚病，美容具有效果，又有美人湯之美名。春天酒店提供四種不同風格的客房式湯屋，讓您在私密的空間裡享受完全放鬆的泡湯體驗；露天風呂更設有多種SPA功能池，讓您去除身心壓力，必能幸福滿分！幽雅空間享寧靜春天酒店共有81間客房，米白色系調和出溫馨舒適氣息，簡單雅緻設計，創造寧靜空間感，客房內觀音石浴池，讓房客輕鬆享受白磺原湯。全館提供免費無線上網(FREE WIFI)、有線電視、電冰箱、獨立浴缸和淋浴設備和泡茶機，房客還可使用露天風呂、紅檜俱樂部、戶外泳池、健身房、SPA、中/日式餐廳等設施服務，是您遠離塵囂拜訪北投渡假的首選！閒逸竹林 日式桌宴遠近馳名的「竹林亭」，是北投最有特色的日式料理餐廳，更是北投唯一能夠端出日式料理「桌宴」的溫泉饗宴，師傅高超手藝、新鮮天然食材、匠心組合搭配，彷彿演奏一場華麗視覺與細膩味蕾的交響樂，讓人如癡如醉，久久不能忘懷。超鮮美上等刺身拼盤、物超所值特色揚、燒、煮、鍋物，一場精采絕倫的日式春酒尾牙宴就等您來品嚐~幽雅18 中西美食座落於四季庭園的「幽雅18」中式餐廳，與心曠神怡露天庭園美景相連，「幽雅18」以精巧手藝將經典台式與中華料理的美味發揮淋漓盡致，將來自豪華辦桌概念，加入主廚新創元素，把頂級佛跳牆、活跳海上鮮、美膳煲湯等名菜佳餚，呈現出精緻不凡、高雅獨特的闊氣桌宴，這是最讓賓客們豎起大拇指讚不絕口的美宴！,,臺北市北投區幽雅路18號,112,臺北市,北投區,886-2-28924546,886-2-28977245,A15010000H,http://www.springresort.com.tw/,https://taiwan.taiwanstay.net.tw/twpic/42222.jpg?v=20250702,春天酒店-典雅雙人房,https://taiwan.taiwanstay.net.tw/twpic/126351.jpg?v=20250702,無障礙房,https://taiwan.taiwanstay.net.tw/twpic/148061.jpg?v=20250702,露天風呂,121.513582,25.137637,3,,雙人房(無障礙客房)7920;,"餐廳,會議場所,宴會廳,無線網路,國民旅遊卡,停車場,溫泉設施,無障礙客房,,,,貴重物品保管專櫃,接送服務,行動支付,導覽解說,體驗活動,穆斯林餐廳,哺乳室,AED,外幣兌換,,",車位:小客車0輛、機車0輛、大客車0輛,81,11000,25000,0,sales@springresort.com.tw,180,0,,,0
C4_A15010000H_004371,九山八海民宿,"九山八海民宿位於九份，距離九份老街步行3分鐘，黃金博物館約10分鐘車程，台北市約60分鐘車程，有公車直達台北、基隆、新北，方便到達故宮,101等地,是旅遊北台灣的適宜住所。本屋是原汁原味的九份百年黑紙厝，擁有黑油毛氈頂和石頭牆，木頂石牆三角建構安全穩固。設有24小時自由出入號碼鎖和免費 WiFi，接待區提供冰箱微波爐與溫熱飲用水，客房均設冷暖空調，私人衛浴，免費盥洗用品和吹風機。可從客房欣賞台灣最美山線或特色石牆。座落於老街不遠，空靈清淨的街頂巷，不高不低的向海面山層，高品質住宿環境，在這裡，每棟黑紙厝都純真，每塊石頭都憨厚，每種聲音，都是善良的心意，歡迎您來，細細品味，感受，貫通古今的幸福。小古宅，臻工藝，如果您熱愛傳統文化，本宅將是您，最對味的住所，成就您，最有感的思緒。昔日金庫寶地，今日旅遊勝地。在古典與綠意之間，在工作與生活之際，有一種幸福，叫做：老宅新住，且向怕吵雜的您，致靜！",,新北市瑞芳區街頂巷61之2號,224,新北市,瑞芳區,886-958-413972,,A15010000H,https://site.traiwan.com/QuHi.H.S/index.html,https://taiwan.taiwanstay.net.tw/twpic/88102.jpg?v=20250702,九山八海民宿招牌,https://taiwan.taiwanstay.net.tw/twpic/88104.jpg?v=20250702,九山八海民宿外觀一,https://taiwan.taiwanstay.net.tw/twpic/88110.jpg?v=20250702,九山八海民宿外觀二,121.844395,25.108032,4,,套房10000;,"無線網路,國民旅遊卡,",車位:小客車0輛、機車0輛、大客車0輛,1,8800,8800,0,quhi.h.s@gmail.com,2,0,0,0,0
C4_A15010000H_004473,三重江月行館,"耗資三億五千萬的三重江月行館，鄰近新莊、三重、板橋、台北市，位處交通要道，距離中山高五股新莊、三重或二高中和、板橋交流道亦僅需10-15分鐘車程，距先嗇宮捷運站亦僅需五分鐘路程，為大台北地區新成立最新穎的時尚旅店。三重江月行館提供視聽影音、朋友聚會、Spa水療、並提供高質感的硬體設備與相關備品，無論是商務住宿或者短暫休憩，我們意旨提供給每一位客人""享受歡樂 享受愛""，在您如魚得水的生活中，找到一片""悠游自在 荒漫自得""的遊樂園放肆享樂。人生是一場華麗旅行，您會愛上三重江月行館，與愛上更好的自己。Fun and stay with your love，愛您所愛 悠游自在，三重江月行館，我們期盼與您見面。",,新北市三重區重新路5段598號,241,新北市,三重區,886-2-85110998,,A15010000H,,https://taiwan.taiwanstay.net.tw/twpic/18312.jpg?v=20250702,江月行館外觀照,https://taiwan.taiwanstay.net.tw/twpic/12389.jpg?v=20250702,江月行館內部空間,https://taiwan.taiwanstay.net.tw/twpic/5363.jpg?v=20250702,江月套房視聽室,121.469293,25.045170,3,,套房9800;套房6600;套房8800;套房10800;套房8200;套房7000;套房6000;,"餐廳,會議場所,有線網路,無線網路,國民旅遊卡,停車場,,,郵電服務,,自行車友善旅宿",車位:小客車24輛、機車18輛、大客車0輛,37,6000,18800,0,,76,0,0,0,42
C4_A15010000H_004655,禾順行旅,關於 YOUR Hotel 禾順商旅，座落於台北市西區－萬華區，緊鄰聞名遐邇的龍山寺、華西街夜市 及年輕人最喜愛的西門商圈，巧妙的結合老艋舺風華歷史的傳承記憶與西門町的新潮 創新，讓每位旅客享有繽紛忘的難忘的體驗。除此之外，各種隠身於市集、街弄小巷 與屢獲佳評的台灣道地小吃，知名夜市美食，更是您輕鬆且隨性享受！誠摯邀請各位旅遊夥伴們蒞臨參觀指教，給予我們為您服務的機會。 我們等你~~~ 捷運板南線(藍線)→龍山寺站於一號出口右轉→直行西園路→廣州路交叉口左轉→直行廣 州街(步行約2分鐘) →即可抵達目的地YOUR Hotel。,,臺北市萬華區廣州街247號及247號2至6樓,108,臺北市,萬華區,886-2-23081000,886-2-23085111,A15010000H,,https://taiwan.taiwanstay.net.tw/twpic/84379.jpg?v=20250702,【YOUR Hotel禾順商旅】飯店外觀,https://taiwan.taiwanstay.net.tw/twpic/46186.JPG?v=20250702,【YOUR Hotel禾順商旅】飯店向下看夜市,https://taiwan.taiwanstay.net.tw/twpic/2865.jpg?v=20250702,【YOUR Hotel禾順商旅】Lobby 大廳,121.497250,25.036891,3,,雙人房(無障礙客房)4200;其他6600;,"餐廳,會議場所,有線網路,無線網路,國民旅遊卡,停車場,無障礙客房,自助洗衣(收費),,,,洗衣服務,郵電服務,接送服務,行動支付,,",車位:小客車0輛、機車0輛、大客車0輛,98,10000,20000,0,accounting@wholesomehotel.com,238,0,1,1,0
C4_A15010000H_005004,叙美精旅,位於台北市交通樞紐中心，開會洽公最佳選擇。現代化設備、乾濕分離淋浴式、舒適的空間，提供旅程最佳的放鬆地點。週邊捷運站：台北車站／西門町站／台大醫院站,,臺北市中正區重慶南路1段111號,100,臺北市,中正區,886-2-23832088,886-2-23830266,A15010000H,http://www.beautyhotels.com.tw,https://taiwan.taiwanstay.net.tw/twpic/86172.jpg?v=20250702,飯店外觀,https://taiwan.taiwanstay.net.tw/twpic/86173.jpg?v=20250702,,https://taiwan.taiwanstay.net.tw/twpic/86174.jpg?v=20250702,,121.513320,25.042575,3,,,"會議場所,有線網路,無線網路,國民旅遊卡,無障礙客房,自助洗衣(收費),,,,洗衣服務,商務旅遊中心,貴重物品保管專櫃,接送服務,行動支付,,,自行車友善旅宿",車位:小客車0輛、機車0輛、大客車0輛,38,8000,16000,0,hotelb7@gmail.com,131,0,0,0,0
C4_A15010000H_005170,怡品商旅,我們的品牌–怡品商旅，「怡」是「心」「台」，心愛台北之意，「品」代表了三個年輕人的合力，一起建立起這間旅館。地點位於台北市熱鬧的東區–忠孝東路四段，捷運文湖線與板南線的交會處。除了交通便捷，美食餐廳及商店密集群聚，百貨公司如：SOGO復興/忠孝/敦化館，及微風廣場/忠孝店，都在步行2~10分鐘的範圍內。我們的裝潢風格為簡約，並融入台北都會的元素，如建築物及街頭景色，希望推廣台北的景點與美食。房間內用品將採用具口碑的品牌(如：席夢思床墊、TOTO衛浴、歐舒丹梳洗用品等)。希望能為來台北短期參訪的商務旅客或自由行旅客，帶來平價且舒適的居住體驗，進而對台北城留下友善的美好印象。,,臺北市大安區忠孝東路四段87號13﹑14樓,106,臺北市,大安區,886-2-27766136,886-2-27766138,A15010000H,http://www.eastin-taipei.com.tw,https://taiwan.taiwanstay.net.tw/twpic/34331.jpg?v=20250702,旅館大廳 LOBBY,https://taiwan.taiwanstay.net.tw/twpic/10789.jpg?v=20250702,旅館大廳(側) LOBBY,https://taiwan.taiwanstay.net.tw/twpic/31211.jpg?v=20250702,公設 - 交誼用餐區 E-Lounge,121.545480,25.041707,3,,雙人房7000;雙人房8000;雙人房5500;雙人房5000;雙人房6500;,"咖啡廳,健身房,無線網路,國民旅遊卡,高齡房,無障礙客房,自助洗衣(收費),上網電腦(免費),,,,洗衣服務,郵電服務,商務旅遊中心,接送服務,導覽解說,,",車位:小客車2輛、機車0輛、大客車0輛,81,1000,25000,0,service@eastin-taipei.com.tw,276,0,1,1,2
C4_A15010000H_005353,葳格行旅,Wogo Hotel酒飯店在宜蘭提供帶免費無線網絡連接的空調客房。設有24小時前台和旅遊諮詢台。酒店內設有免費停車場。Wogo Hotel酒店距離宜蘭火車站或夜市有15分鐘的步行路程。宜蘭體育公園距離酒店有10分鐘的車程。距離台北市有1小時的車程，距離桃園國際機場有1.5小時車程。距離太平山有2小時的車程。這些客房均設有隔音設施，電視，冰箱和帶浴缸和淋浴設施的連接浴室。部分客房還設有spa浴缸。Wogo Hotel酒店設有一個花園。汽車旅館還提供行李寄存服務。宜蘭火車站或宜蘭客運碼頭提供免費接送服務，需提前3天提前預約。,,宜蘭縣宜蘭市宜興路三段61號1-2樓,260,宜蘭縣,宜蘭市,886-3-9289689,886-3-9289699,A15010000H,,https://taiwan.taiwanstay.net.tw/twpic/18392.jpg?v=20250702,豪華四人套房,https://taiwan.taiwanstay.net.tw/twpic/88476.jpg?v=20250702,浪漫套房,https://taiwan.taiwanstay.net.tw/twpic/95086.jpg?v=20250702,入口,121.760037,24.767798,3,,,"餐廳,有線網路,無線網路,國民旅遊卡,停車場,,,,郵電服務,接送服務,,,自行車友善旅宿",車位:小客車0輛、機車0輛、大客車2輛,38,5000,6000,0,Wogohotel@gmail.com,85,0,,,2
C4_A15010000H_005601,富逸旅趣-北車開封館,富裕自由北車開封店位於開封街一段，介於重慶南路與博愛路段之間，地處台北市交通樞紐 - 台北車站旁，係高鐵、台鐵、捷運、客運、公車之匯集點，交通十分便利。走路至西門町約7-10分鐘。,,臺北市中正區開封街1段41號2-9樓,100,臺北市,中正區,886-2-23881788,886-2-23881828,A15010000H,https://www.hotelrf.com/our-hotels.html,https://taiwan.taiwanstay.net.tw/twpic/198754.jpg?v=20250702,大門入口,https://taiwan.taiwanstay.net.tw/twpic/198756.jpg?v=20250702,公共空間,https://taiwan.taiwanstay.net.tw/twpic/198757.jpg?v=20250702,公共空間,121.512496,25.046166,3,,雙人房4000;雙人房4400;雙人房4400;套房5000;其他5000;,"無線網路,國民旅遊卡,上網電腦(免費),,,,",車位:小客車0輛、機車0輛、大客車0輛,42,3800,25000,0,account1@rf-tw.com,119,0,,,0
C4_A15010000H_005841,約克旅店,以時尚、旅行、生活、樂趣四大元素所構成的約克設計旅店，坐落於台北市最便利的台北車站商圈，五鐵共構匯集高鐵、台鐵、捷運、機場捷運、公路總站，讓您的台北之行快捷、便利、隨心所欲。本旅店以北歐、地中海風情為設計主軸，讓白天的您任意遨遊在大台北都會，晚上置身於北歐、地中海的悠閒愉悅，彷彿時空交錯，享受大不同的旅行樂趣。極具設計感的私人空間，巧妙的構思絕對值得您來細細品味、探索。,,臺北市中正區南陽街13號4樓,100,臺北市,中正區,886-2-23705528,886-2-23700913,A15010000H,,https://taiwan.taiwanstay.net.tw/twpic/14597.jpg?v=20250702,地中海景觀4人房,https://taiwan.taiwanstay.net.tw/twpic/33591.jpg?v=20250702,交誼廳,https://taiwan.taiwanstay.net.tw/twpic/53929.jpg?v=20250702,電梯街燈,121.516168,25.044972,3,,雙人房2480;雙人房2680;雙人房2480;套房3780;雙人房2280;雙人房2280;套房3480;,"會議場所,無線網路,國民旅遊卡,,,洗衣服務,貴重物品保管專櫃,,自行車友善旅宿",車位:小客車0輛、機車0輛、大客車0輛,17,2280,5690,0,yorktaipei@gmail.com,40,0,,,0
C4_A15010000H_005881,金來商旅,『想要和您分享金來的最好，是因為想將生活裡的美好呈現給您』   當您選擇走進金來，您已經是懂得選擇最好的生活美學實踐者，朗白的迎賓大廳，馨雅的空間色調，溫暖宜人的氣氛，熱情的招呼聲，引人駐足流連。  金來商旅坐落於台北市金山南路，絕佳地理環境讓您處在華美的城市中，依然能夠感受到大自然的清新綠意，鄰近新生高架、建國南北交流道以及徒步三分鐘路程的東門捷運站；便捷的交通讓您擁有絕佳的便利性，大安森林公園、光華商圈、永康公園商圈、建國花市、袖珍博物館、樹火紀念紙博物館…等景點，讓您享受購物的樂趣之外也能感受到知性感性的豐富旅程。  讓金來商旅最貼心入微的巧思與細心，帶給您最甜蜜美好的旅居時光，您的到訪入住將讓我們感夠無限的光彩與榮幸。,,"臺北市中正區金山南路1段71號B1-7樓,71之1號2-7樓",100,臺北市,中正區,886-2-23979399,886-2-23971399,A15010000H,http://www.royalbiz.com.tw/,https://taiwan.taiwanstay.net.tw/twpic/86080.jpg?v=20250702,房間2,https://taiwan.taiwanstay.net.tw/twpic/86069.jpg?v=20250702,早餐Bar,https://taiwan.taiwanstay.net.tw/twpic/86076.jpg?v=20250702,房間3,121.528194,25.037253,3,,雙人房4180;雙人房3980;雙人房4680;,"餐廳,會議場所,咖啡廳,健身房,有線網路,無線網路,國民旅遊卡,停車場,,,,洗衣服務,商務旅遊中心,接送服務,外幣兌換,,,自行車友善旅宿",車位:小客車9輛、機車0輛、大客車0輛,48,15000,19000,0,service@royalbiz.com.tw,180,0,,,9
C4_A15010000H_006018,家美瑞品 台北,家美飯店回來了。以嶄新面貌「家美瑞品」回歸，迎接旅客回家，重新翻修，保留經典，在原有美好中加入新穎現代元素。大理石材質傢俱、大理石浴室、實木沙發，屬於90年代的簡約優雅裝修風格，等待您來感受。重新翻修後的家美瑞品，在享受90年代風情之餘，依然是現代化設備滿足入住需求。家美瑞品座落於台北市中正區善導寺捷運站旁，鄰近華山市場、希望廣場農民市集及華山文創園區等知名景點。飯店全館有68間客房，每一間都散發著經典的魅力。典雅的設計搭配舒適的佈置，讓您仿佛置身於時光隧道中。每個細節都展現著品味，絕對是您尋找寧靜與享受的理想選擇。,,臺北市中正區北平東路12號2至9樓,100,臺北市,中正區,886-2-23581234,886-2-23941349,A15010000H,https://jiameihotel.com/,https://taiwan.taiwanstay.net.tw/twpic/125834.jpg?v=20250702,,https://taiwan.taiwanstay.net.tw/twpic/242420.jpg?v=20250702,經典客房,https://taiwan.taiwanstay.net.tw/twpic/242422.jpg?v=20250702,客房浴室,121.524295,25.045977,3,,雙人房(無障礙客房)0;,"餐廳,有線網路,無線網路,國民旅遊卡,停車場,無障礙客房,自助洗衣(收費),上網電腦(免費),,,,郵電服務,哺乳室,,",車位:小客車0輛、機車0輛、大客車0輛,68,7500,24000,0,jiamei2023@gmail.com,136,0,,,0
C4_A15010000H_006333,富園國際商務飯店,富園國際商務飯店秉持著『有朋自遠方來，不亦樂乎』的經營理念，珍惜每位貴賓蒞臨的尊榮感受。飯店應用進口長青紅木-花梨木鑲貝傢俬，與矗立百年的市定古蹟「西本院寺-鐘樓」相互輝映，並且傳達西門町跨入百年的風華，讓人置身在現代與過去相互交織揉合的場域。富園國際商務飯店服務人員均通英、日語；除了每間客房均配備的液晶電視，更附有早餐、免費寬頻有線、無線上網及免治馬桶設施，並設有商務中心、會議室及洗衣室提供住宿旅客使用。 交通方面更緊鄰台北市中華路，距離捷運西門站步行只需6分鐘，交通相當便利、旅宿舒適、服務親切，我們深信富園國際商務飯店是您來台北洽公、旅遊、住宿的最佳選擇。,,臺北市萬華區中華路一段178號,108,臺北市,萬華區,886-2-23887890,886-2-23889780,A15010000H,http://www.rich-gardenhotel.com.tw,https://taiwan.taiwanstay.net.tw/twpic/6191.jpg?v=20250702,房間3,https://taiwan.taiwanstay.net.tw/twpic/7001.jpg?v=20250702,房間2,https://taiwan.taiwanstay.net.tw/twpic/19473.jpg?v=20250702,房間1,121.507031,25.039217,3,,,"餐廳,會議場所,健身房,有線網路,無線網路,國民旅遊卡,自助洗衣(免費),上網電腦(免費),洗衣服務,貴重物品保管專櫃,接送服務",車位:小客車0輛、機車0輛、大客車0輛,45,4800,10000,0,fullyen.hotel@msa.hinet.net,128,0,,,0
C4_A15010000H_006338,景安精品旅館,"中和景安精品旅館位於中和市中心，與中和捷運系統及北二高中和交流道比鄰，距離台北市中心、桃園中正國際機場交通往來十分便利。想要盡情體驗台北市的精彩，中和景安精品旅館絕對是您的最佳旅伴。在這裡，旅客們可輕鬆前往市區內各大旅遊、購物、餐飲地點。對於喜歡冒險的遊客來說，樂華夜市,青年公園,自來水園區再合適不過了。 ※位置緊鄰捷運南勢角線景安站,步行8分鐘即到達景安精品旅館。 明亮的現代設計風格，簡約及開朗的氣息成為洗滌心靈的空間，精心為商旅人仕設想齊全，提供賓客舒適休憩空間。 典雅大方及精心設計的陳設，營造出明亮舒適的感受。精緻典雅，亮麗耀眼的內部設計，營造出明亮、溫馨的享受空間，熱誠用心，舒適宜人的接待，全然享受貴賓級的禮遇。",,新北市中和區明禮街32號2至9樓,235,新北市,中和區,886-2-22438989,886-2-82431568,A15010000H,,https://taiwan.taiwanstay.net.tw/twpic/266153.jpg?v=20250702,外觀,,,,,121.504446,24.996186,3,,,"有線網路,無線網路,國民旅遊卡,停車場,,,,洗衣服務,郵電服務,接送服務,外幣兌換,,,自行車友善旅宿",車位:小客車0輛、機車0輛、大客車0輛,39,3250,6000,0,jingan.hotel@msa.hinet.net,106,0,,,0
C4_A15010000H_006351,馥悅溫泉酒店,皇室風範-北投溫泉館 位於台北市郊的北投溫泉館則承繼了皇家季節酒店一貫的堅持與品味，於2008年12月以歐洲宮廷風格為溫泉寫下新的意義。  每間客房內以淡色大理石手工打造的浴室，展現羅馬的浴場風格，天然的白磺泉自獅頭的口中傾洩而下，讓你遠離俗世的塵囂。北投溫泉館特別摒棄大眾池的設計，以湯屋的型式提供服務，為每一組顧客保留專屬的入浴空間。湯屋裡擺放特別訂製加寬的貴妃椅、壁面加掛的電視，讓你在泡湯之餘，也可輕鬆休閒小憩。因為深知顧客的需要，每間湯屋都有各自獨立的廁所。北投溫泉館不以華麗取勝，卻奢侈地讓顧客擁有最大的空間，是令人感動的溫暖心意。,,臺北市北投區中山路26號1-5樓,112,臺北市,北投區,886-2-28969798,886-2-28969797,A15010000H,https://grand-pleasure-spring-hotel.mydirectstay.com/tw/index.html,,,,,,,121.510421,25.137666,3,,雙人房(無障礙客房)0;,,車位:小客車0輛、機車0輛、大客車0輛,44,11000,11000,0,amylu@rf-tw.com,94,0,,,0
C4_A15010000H_006527,藝宿商旅,台北車站商圈西區新地標 熨斗大樓藝宿商旅台北館 YI SU HOTEL，洗鍊奢華外觀與溫暖內斂的空間設計相互呼應，更多的貼心、細心帶給您有溫度的記憶。位於交通便利，四通八達的大同地區，從藝宿商旅台北館可俯瞰台北市景色，是享受當地小吃、探索古早老街、購物的絕佳選擇。在這裡，旅客們可輕鬆方便前往市區內各大旅遊景點，旅館位置優越讓旅客可前往市區內的熱門景點變得方便快捷。除此之外，商旅周邊各種娛樂設施一定會讓您在留宿期間享受更多樂趣。不管您來台北市是出差還是旅行，藝宿商旅台北館都能讓您在留宿期間擁有一段難忘的回憶。藝宿商旅台北館每間客房均配有平板電視和水壺，提供免費洗浴用品和吹風機，讓客人擁有舒適體驗。,,臺北市大同區重慶北路一段116號2樓至11樓及11樓夾層,103,臺北市,大同區,886-2-25506655,886-2-25553311,A15010000H,https://taipei.yisuhotel.com/,https://taiwan.taiwanstay.net.tw/twpic/103550.jpg?v=20250702,,,,,,121.514222,25.053704,3,,,自行車友善旅宿,車位:小客車14輛、機車30輛、大客車0輛,69,6160,8800,0,yisutpersvn@gmail.com,142,0,0,0,44
C4_A15010000H_006553,福容大飯店  台北一館,福容大飯店 台北矗立於台北市仁愛、信義兩大主要幹道之間，緊鄰建國南路交流道。往返信義計畫區、車程僅需10分鐘。鄰近台北忠孝購物中心，為一個繁華的商務、購物和休閒娛樂區域，自飯店出發車程亦僅需10分鐘。優越地理位置非常適合國內外商旅人士及購物旅遊。福容大飯店 台北為國際級觀光飯店，大廳採國際型飯店一貫特有的挑高設計，綠意盎然的花草盆栽佇立其中；展現出清新明亮的典雅風格。擁有120間頂級精緻客房與套房，時尚的設計風格，安全的住宿環境，科技化的客房設備，迎合商務差旅、觀光旅客的各項需求。結合品味與時尚，獨一無二的廣闊窗景，更將世界級地標101金融大樓盡收眼簾。國際化的館內設施、寬敞雅緻客房以及應有盡有的餐飲服務和精心打造的頂級俱樂部設施，誠摯貼心的專業服務，讓來自世界各地的商旅名仕，置身於愉悅自在的氣氛中。,,臺北市大安區台北市大安區建國南路1段266號,106,臺北市,大安區,886-2-27019266,886-2-27555005,A15010000H,http://www.fullon-hotels.com.tw,https://taiwan.taiwanstay.net.tw/twpic/12733.jpg?v=20250702,大廳,https://taiwan.taiwanstay.net.tw/twpic/76850.jpg?v=20250702,餐廳,https://taiwan.taiwanstay.net.tw/twpic/44416.jpg?v=20250702,麗泉SPA,121.537283,25.022856,2,,套房36080;單人房8800;單人房12100;單人房18480;單人房20680;單人房11000;單人房(無障礙客房)8800;單人房(無障礙客房)8800;雙人房13200;雙人房16500;雙人房11000;雙人房8800;,"餐廳,會議場所,咖啡廳,酒吧,宴會廳,健身房,游泳池,有線網路,無線網路,三溫暖,國民旅遊卡,停車場,高齡房,溫泉設施,無障礙客房,自助洗衣(收費),上網電腦(免費),,,,洗衣服務,商務旅遊中心,哺乳室,AED,外幣兌換,,,自行車友善旅宿",車位:小客車100輛、機車0輛、大客車0輛,120,8800,36080,0,fo_tp@fullon-hotels.com.tw,240,0,,,100
C4_A15010000H_006631,新驛旅店台中車站店,新驛旅店台中車站店為台北旅店集團跨出台北市的第一家分館！ 我們秉持著品牌一貫的特色：打造設計感與時尚感兼具、乾淨舒適的個性化空間！並抱持新驛人親切熱情的服務精神，希望在這擁有豐富歷史與藝文特質兼具的大台中生活圈紮根，更期望能為所有到來的旅客們帶來平價時尚且賓至如歸的住宿經驗。新驛旅店台中車站店緊鄰台灣中部交通樞紐的台中火車站，旅客無論是想搭車前往台中地區其他觀光熱點、夜市美食，又或者是前往台灣其他地區觀光及洽公皆十分快捷便利。呼應鄰近的20號倉庫與台中文化創意園區的創作能量，我們拿出敢玩，又愛玩的態度，邀請台灣新銳的插畫家與平面設計師，為新驛旅店台中車站店注入全新的藝術靈魂，將旅店空間與當地文化融合，創造出令人耳目一新的混搭潮流。,,臺中市東區復興路4段133號,401,臺中市,東區,886-4-22232333,886-4-22237333,A15010000H,https://c5.cityinn.com.tw/tw/,https://taiwan.taiwanstay.net.tw/twpic/30679.jpg?v=20250702,旅店外觀,https://taiwan.taiwanstay.net.tw/twpic/40742.jpg?v=20250702,旅店休憩區,https://taiwan.taiwanstay.net.tw/twpic/6481.jpg?v=20250702,旅店自助調吧,120.685847,24.135773,3,,雙人房7000;雙人房5200;雙人房4000;雙人房4800;雙人房3600;雙人房5800;雙人房(無障礙客房)5200;,"餐廳,有線網路,無線網路,國民旅遊卡,停車場,無障礙客房,自助洗衣(免費),上網電腦(免費),,,,洗衣服務,外幣兌換,,,自行車友善旅宿",車位:小客車20輛、機車5輛、大客車0輛,104,6000,12000,0,service5@cityinn.com.tw,216,0,,,25
C4_A15010000H_006639,金普頓大安酒店,台北市中心的城市方舟隱身於台北東區靜謐街巷內，金普頓大安酒店與購物中心和捷運站僅隔一個街區。獨特地理位置，攘往熙來人潮看似近在咫尺，卻猶如世外桃源般靜謐。各式迷人充滿詩意的人文咖啡館、個性精品店與文藝畫廊，散落酒店周圍。而擁有129間舒適客、套房的金普頓酒店，以精緻細膩的設計詮釋復古與白瓷的層疊美學，相映著透光的天井建築，每一個轉彎都透著設計師巧思，邀請大膽創新的世界旅遊家和在地設計師一同品味徘徊探索。而當步入位於12樓的英式摩登餐酒館，可瞧見風情萬種的亞熱帶陽光灑落在寬敞戶外露台，除了可放鬆品酩美酒佳餚外，令人醉心的台北城景與聳入天際的台北101盡收眼底，徹底讓賓客體驗與挖掘新舊台北魅力與脈動。,,臺北市大安區仁愛路四段27巷23號3樓至11樓、25號、25號3樓至11樓、27號2樓至14樓,106,臺北市,大安區,886-2-27792000,886-2-27790999,A15010000H,,https://taiwan.taiwanstay.net.tw/twpic/81132.jpg?v=20250702,,https://taiwan.taiwanstay.net.tw/twpic/81142.jpg?v=20250702,,https://taiwan.taiwanstay.net.tw/twpic/81117.jpg?v=20250702,,121.545376,25.040367,3,,雙人房0;雙人房18000;雙人房22000;雙人房26000;套房30000;雙人房22000;,"餐廳,酒吧,健身房,無線網路,國民旅遊卡,停車場,無障礙客房,,,,洗衣服務,商務旅遊中心,接送服務,自行車租借,導覽解說,AED,外幣兌換,寵物友善旅宿,,,自行車友善旅宿",車位:小客車141輛、機車114輛、大客車0輛,129,16000,30000,0,Dylan.lee@ihg.com,260,0,0,0,255
C4_A15010000H_006679,城市商旅-航空館,城市商旅航空館位於桃園市大園區，為斥資數億元的國際級商務旅館，以簡約精緻為主軸，設計家具質感高雅，為來往世界各地的過境旅客、商務人士及旅遊團體，提供一個現代化舒適的住宿環境。柔和燈光映照壁紙，營造出溫暖而又充滿現代感的空間美學，客房內備有精緻備品，高檔寢具用品，讓每位旅客在舟車勞頓旅途中，能感受到優雅氣息的休憩環境，自飯店到國際機場只需三分鐘車程；到台灣高速鐵路青埔站也只需10分鐘；酒店緊鄰中山高速公路，40分鐘可抵達台北市。全館共229間客房，備有餐飲與活動會議服務，多功能會議中心內有完備的投影及網路多媒體等設備，適合舉辦各種聚會活動及商務會議等。,,桃園市大園區中正東路442號1-10樓,337,桃園市,大園區,886-3-3853017,886-3-3853032,A15010000H,http://www.citysuites.com.tw/,https://taiwan.taiwanstay.net.tw/twpic/35341.jpg?v=20250702,外觀,https://taiwan.taiwanstay.net.tw/twpic/52819.jpg?v=20250702,大廳,https://taiwan.taiwanstay.net.tw/twpic/45906.jpg?v=20250702,用餐區,121.211814,25.058352,3,,雙人房12000;其他18000;雙人房20000;其他(無障礙客房)15000;,"餐廳,宴會廳,無線網路,國民旅遊卡,無障礙客房,自助洗衣(收費),自行車友善旅宿",車位:小客車83輛、機車30輛、大客車20輛,229,12000,21000,0,marketinggateway@citysuites.com.tw,670,0,,,133
C4_A15010000H_006700,璞邸旅店,"璞邸團隊以solo traveller way為概念,以熱情集結可以再更好的想法打造璞邸旅店。將台灣最美的風景、城市印象結合無拘束感的貼心服務,訴求在 彈性的預算內也能享受一個人旅行的魅力、放縱好奇,在分享中擷取更多的靈感,建立自我創意的旅遊風格。在新型態旅遊流行的主張下,璞邸旅店以城市冒險者做為品牌訴求,在 城市間快速的移動中,創造人與人、人與城市間不同的連結。且不同於其它旅店 住房形式,璞邸城旅店刻意跳脫出既有市場的框架,規劃從單獨旅遊者、 好友結伴到團體旅行皆可選擇入住的的房型,保有自由與彈性的便利,隨著不同 旅行方式的喜好,找尋志同道合的冒險夥伴,亦是三五好友展演城市巷弄間的任 意探險。座落於於台北交通樞紐中心的璞邸旅店,離火車站、捷運站、高鐵站、機 場巴士只有短短五分鐘路程,設計規劃從外到內,以低價但不廉價、考量旅客的 舒適感、需求及體驗為出發點。外觀以俐落現代的金屬調性包覆著自然質性而活 潑的空間設計、隨性而隨意風格的沙發單椅不刻意的點落在大廳邀請您入座、 DIY 風格充分運用在自助式的料理空間及用餐區,營造出urban outdoor氛圍, 像是猶如自家時尚廚房,讓人忍不住在這扮演起主人招待來自異國的好友。旅店 同時提供完善的個人睡眠空間,加大個人床位、獨立個人盥洗空間、環保有質感 的的個人用品,提供旅客既可以放鬆又有充足的活力探索城市魅力。 聯絡我們客服專線 : +886 2 2381 5566傳真 : +886 2 2381 0990地址 : 台北市重慶南路一段7號（站前地下街Z8出口）電子信箱：bouticity@gmail.com",,臺北市中正區重慶南路1段7號1至4樓,100,臺北市,中正區,886-2-23815566,886-2-23810990,A15010000H,http://bouti.com.tw/,https://taiwan.taiwanstay.net.tw/twpic/40902.jpg?v=20250702,,https://taiwan.taiwanstay.net.tw/twpic/6341.jpg?v=20250702,,https://taiwan.taiwanstay.net.tw/twpic/5183.jpg?v=20250702,,121.513388,25.046376,3,,雙人房3300;其他2790;其他6300;其他6300;其他2790;其他2790;,"無線網路,,,,",車位:小客車0輛、機車0輛、大客車0輛,13,2790,6300,0,,97,0,1,0,0
C4_A15010000H_006913,橙舍背包客國際青年旅館,「橙舍」是一家以「青年旅館」為名的合法旅館，「橙舍」位於台北市最流行熱鬧的西門町徒步區旁，這裡有數之不盡的商店、小吃、服飾店、電影院、甚至幾十年的老店。來西門町不僅可以滿足吃、喝、玩、樂，還可以隨處發現百年歷史的建築物。從「橙舍」步行到「西門捷運站」僅約五分鐘，到機場巴士等候站步行約一分鐘，到「台北車站」車程也僅5分鐘 。    「橙舍」原為一棟老舊的建築物，於2010年重新整修後，整體呈現具巴洛克風格，明亮乾淨綠意盎然的佈置提供背包客一處截然不同的住宿環境。全館提供24小時門禁密碼管理與監視系統、旅遊資訊服務區、羽絨暖被、寬敞的洗手檯、免費使用高速無線寬頻網路、公用電腦、緊急電話、置物櫃、廚房、洗衣機、晾衣區、24小時淋浴熱水、貼心的服務，讓背包客宛如回家般的舒適自在。我們訴求以最低廉的價格提供最超值的服務，讓來自世界各地的背包青年在此國際文化交流，我們自許成為臺灣青年旅館的標竿，也期待有為您服務的機會。,,臺北市萬華區漢口街二段41號1-3樓,108,臺北市,萬華區,886-2-23119559,886-2-23112344,A15010000H,,https://taiwan.taiwanstay.net.tw/twpic/94525.jpg?v=20250702,大門,https://taiwan.taiwanstay.net.tw/twpic/94526.jpg?v=20250702,門口花園,https://taiwan.taiwanstay.net.tw/twpic/94527.jpg?v=20250702,櫃台,121.506912,25.045801,3,,,"無線網路,,,洗衣服務,郵電服務,",車位:小客車0輛、機車0輛、大客車0輛,5,3600,9000,0,tw.hostel@yahoo.com,16,0,0,0,0
C4_A15010000H_006917,洛碁三貝茲,台北，國際交流的重要驛站，沈澱了各種文化基因，充滿了自由人文氣息，像是手上的咖啡，醇厚的令人嚮往。洛碁大飯店，第一個在台北市創立的大型連鎖飯店品牌，在捷運旁、熱鬧的西門町、台北車站、金融商圈等地，都能找到洛碁大飯店。堅持以優惠平價、多元的選擇及貼心的服務，提供每位旅客充電與休憩的地方，不論是您有意的安排或者偶然的巧遇，我們都期待您的來訪，一起在這美麗而多變的土地寫下屬於您的台北故事。位於臺北市的旅館,,臺北市松山區八德路四段16號1-7樓,105,臺北市,松山區,886-2-27630555,886-2-27657092,A15010000H,http://triplebeds.greenworldhotels.com,https://taiwan.taiwanstay.net.tw/twpic/209611.jpg?v=20250702,大廳或櫃檯,https://taiwan.taiwanstay.net.tw/twpic/209612.jpg?v=20250702,外觀,https://taiwan.taiwanstay.net.tw/twpic/209613.jpg?v=20250702,雙人房,121.558547,25.048217,3,,雙人房(無障礙客房)13800;,"咖啡廳,無線網路,國民旅遊卡,無障礙客房,自助洗衣(收費),,,,,自行車友善旅宿",車位:小客車18輛、機車0輛、大客車0輛,54,3000,30000,0,triplebeds@gwh.global,166,0,,,18
C4_A15010000H_007007,新月商旅,新月商旅位於南京東路與新生北路間精華區，緊鄰南京松江金融商圈，附近尚有南京百貨商圈與林森14、15號公園，夜晚信步於公園內鬧中取靜，感受都市中心難得的自然氣息。鄰近區域生活機能豐富諸如，欣欣晶華影城，錢櫃KTV、百貨公司、光華商場、華山文藝廣場，咫呎可達林森北路1至9條夜生活，讓您可以盡情體驗風情萬種的台北市都會生活,,臺北市中山區新生北路一段122號1-7樓,104,臺北市,中山區,886-2-25213301,886-2-25213309,A15010000H,,https://taiwan.taiwanstay.net.tw/twpic/31383.jpg?v=20250702,旅館正面,https://taiwan.taiwanstay.net.tw/twpic/15921.jpg?v=20250702,餐廳,https://taiwan.taiwanstay.net.tw/twpic/44444.jpg?v=20250702,房間,121.527781,25.050784,3,,,"餐廳,會議場所,咖啡廳,有線網路,無線網路,國民旅遊卡,停車場,,,,洗衣服務,導覽解說,,",車位:小客車0輛、機車0輛、大客車0輛,42,2000,8000,0,reservation@moonhotel.com.tw,120,0,,,0
C4_A15010000H_007058,仙渡莊旅社,「仙渡莊旅社 XDZ HOTEL」位於關渡，離台北捷運關渡站步行僅3分鐘可達，交通方便。各房間包含獨立衛浴、獨立空調、免費WIFI、電視等，外牆簍空紅磚牆成為旅社的招牌，內部採無印簡約風格裝潢，提供優質、平價且舒適的住宿環境，獲得顧客好評。在地景點如關渡自然平原、關渡自然公園、金色水岸自行車道、八里河岸等，是許多單車環島及單車一日遊的指定住宿。鄰近北投溫泉區、士林夜市、故宮博物館、陽明山、淡水老街、北海岸風景區等，是來台北旅遊的住宿好選擇。溫馨提醒：*本旅社無提供早餐。*本旅社無提供停車場，如有停車需求可至附近關渡郵局對面「關渡洗車場」，步行至本旅社約3分鐘，收費為每次進出計次100元(請自行備妥2個50元硬幣)，地址可搜尋關渡郵局：台北市北投區知行路293巷9弄11號。,,臺北市北投區大度路三段304號,112,臺北市,北投區,886-2-28913537,886-2-28960663,A15010000H,,,,,,,,121.465822,25.123669,3,,,自行車友善旅宿,車位:小客車0輛、機車0輛、大客車0輛,14,2000,3000,0,xdzhotel@gmail.com,32,0,,,0
C4_A15010000H_007354,台北君悅酒店,"台北君悅酒店是凱悅國際集團在台灣的第一家旅館，於1990年初開始營業；同年9月21日正式對外開幕。座落於台北市新興的商業及娛樂聚點，台北君悅酒店與鄰近的世貿展覽大樓、國際貿易大樓及國際會議中心整合形成一個多功能的複合建築群，此外，毗鄰台北101金融大樓。而四通八達的捷運站亦在步行的距離內，讓您便捷地暢行市區。台北君悅距離台北世界貿易中心南港展覽館僅20分鐘車程，而與桃園國際機場亦僅45分鐘車程。台北君悅由沈祖海建築師事務所負責設計外觀及空間結構，美國知名國際室內設計公司赫斯‧貝德納聯合設計顧問公司(Hirsch Bedner & Associates) 負責內部設計。設計重點在於融合中國文化並呈現豪華氣派的國際風格。全部工程由太平洋建設公司承建，希望能為國人及所有住宿的旅客提供最親切、最舒適的高雅環境。飯店建地面積達118,900平方公尺，地面樓高25層，地下3層；大廳採君悅一貫特有的挑高中庭設計，典雅的花藝佈置與寬敞明亮的風格，令人耳目一新。客房設計高雅舒適，各式商務科技設備新穎完善，寬敞的浴室設有浴池、淋浴間及精緻備品，讓每位住房的旅客都能有賓至如歸的感受。「嘉賓軒」不僅提供一系列體貼入微的個人化服務，更有新穎完善的多項設備，是到台北商務洽公或休閒度假的絕佳選擇。入住嘉賓軒樓層的賓客可享受嘉賓軒貴賓專屬禮遇，包含免費寬頻上網、免費使用嘉賓軒交誼廳、免費自助早餐、晚間雞尾酒、專屬會議室及全日供應各式飲品及精緻小點等，而專屬服務中心亦全日提供貴賓各種協助及諮詢服務。台北君悅獨具風貌的餐廳與酒吧，包括供應精緻港式佳饌的漂亮、以頂級歐陸料理聞名的寶艾西餐廳、輕鬆氛圍的Cheers、全日供應自助餐的凱菲屋、具現代風格的彩日本料理、位於大廳中庭右側的迎賓廊。不論是正式的商業餐敘，或是溫馨的親友聚會，台北君悅提供您充滿時尚品味、用餐雅趣的豐富饗宴。",5,臺北市信義區松壽路2號,110,臺北市,信義區,886-2-27201234,886-2-27201111,A15010000H,,https://taiwan.taiwanstay.net.tw/twpic/40420.jpg?v=20250702,"座落於台北市熱鬧繁華的商業及娛樂兼具的信義商圈，毗鄰台北101購物金融大樓，與世貿展覽中心、國際貿易大樓及國際會議中心整合形成一個多功能的複合建築群。Grand Hyatt Taipei is conveniently located in the city's most vibrant commercial centre, the Xinyi district.  Adjacent to Taipei 101 mall and financial tower, this Taipei 5 star hotel is also closely linked to the Taipei World Trade Centre and Taipei International Convention Centre.",https://taiwan.taiwanstay.net.tw/twpic/34741.jpg?v=20250702,"台北少數的戶外溫控游泳池，猶如喧囂城市中的一處綠洲。慵懶的坐臥在舒適躺椅或是長沙發休憩區，品嚐池畔小築提供的各式美味餐點與飲品，在草木扶疏、綠意盎然的庭園裡，賓客彷彿來到美麗的熱帶度假島嶼，恣意享受輕鬆悠閒的時光。Taipei's unique temperature-controlled outdoor swimming pool, with its lush landscape, stylish yet comfortable sun beds, lounge areas and pool bar, provides the perfect retreat from a busy day in the city.",https://taiwan.taiwanstay.net.tw/twpic/2087.jpg?v=20250702,"台北君悅酒店有氧舞蹈室 為不同運動習慣與需求量身設計多樣精采課程，例如瑜珈、皮拉提斯、太極、有氧等各式課程。Tailored for individual needs, the exercise studio at Club Oasis offers a wide range of creative and inspiring classes, such as Yoga, Pilates, Tai Chi, aerobics and many more.",121.562664,25.035664,1,,雙人房(無障礙客房)120000;套房80000;雙人房19600;雙人房18600;套房(無障礙客房)28000;雙人房19000;套房120000;雙人房(無障礙客房)16000;雙人房21600;雙人房16600;套房24000;套房100000;,"餐廳,會議場所,咖啡廳,酒吧,宴會廳,健身房,商店,游泳池,有線網路,無線網路,三溫暖,國民旅遊卡,停車場,無障礙客房,,,,洗衣服務,郵電服務,商務旅遊中心,貴重物品保管專櫃,夜總會,接送服務,行動支付,體驗活動,素食餐廳,AED,蔬食餐廳,外幣兌換,寵物友善旅宿,,",車位:小客車491輛、機車0輛、大客車0輛,866,16000,120000,1,taipei.grand@hyatt.com,1732,0,,,491
C4_A15010000H_007516,維多麗亞酒店,"關於維多麗亞酒店	維多麗亞酒店位於台北市大直地區「捷運劍南路站」旁，不僅擁有「美食飯店」之美譽，更是極富建築特色的五星級飯店。以「英式古典風格」為設計主題，更擁有獨樹一幟的「英式戶外花園」，讓您充分感受溫馨而美好的愜意感受。獨特的莊園風格，可謂「都市中的秘密花園」。	交通便利	鄰近內湖科技園區、世貿中心、汐止與南港工業區、士林夜市及東區商圈以及故宮、忠烈祠等名勝景點，緊鄰美麗華購物中心。酒店至桃園國際機場約35分鐘，至松山國內機場僅需15分鐘，由松山機場搭乘捷運至本酒店僅2站，而捷運站至酒店步行距離僅3分鐘即可到達。客房介紹	維多麗亞酒店擁有96間客房，時尚優雅的設計讓人全心體驗最愜意的住宿之旅。戶戶皆有大面落地窗，採光極佳，每間房間皆選用國際精品傢俱Philippe Starck的Louis Ghost Armchair進口椅、義大利Artemide設計品牌Melampo燈具等名家設計的品味風格，呈現如精品般的奢華質感；浴室採乾濕分離設計，牆壁地面皆以來自希臘雪白銀狐大理石舖陳、德國手工精製的Dornbracht浴室龍頭、Villeroy & Boch衛浴設備等高級配備。	餐飲特色	旗下餐廳分別為：「N°168 PRIME牛排館（大直本館、敦化SOGO百貨7樓分店）」，N°168 PRIME牛排館於榮獲2018年「台北米其林指南推薦餐廳」殊榮！另有「la FESTA義大利餐廳」及「雙囍中餐廳」，主廚團隊精湛廚藝及特色佳餚，讓您盡享難忘的美食之旅！宴會會議特色	擁有各式多功能會議空間，最大會議空間可容納近450人；1樓宴會場地結合「戶外花園」，讓您完美展現婚禮或活動整體規劃；4樓另有「空中池畔花園」，伴隨大直美麗山景與獨特的英式鐘樓，為您的活動增添典雅雋永的浪漫風格。",5,臺北市中山區敬業四路168號,104,臺北市,中山區,886-2-85020007,886-2-66025162,A15010000H,http://www.grandvictoria.com.tw/,https://taiwan.taiwanstay.net.tw/twpic/244892.jpg?v=20250702,獨一無二的浪漫婚禮設計，許下永恆難忘的幸福時刻獨特而專屬的婚宴規劃設計，及斥資千萬的施華洛世奇豪華水晶吊燈，為您迎接人生中最浪漫幸福的那一刻您可以在一樓歐式庭園的白色花亭內，簽訂終生幸,https://taiwan.taiwanstay.net.tw/twpic/49958.jpg?v=20250702,以十九世紀英國盛世維多麗亞王朝之建築風格元素，創造新貴族古典時尚旅館-維多麗亞酒店(Grand Victoria Hotel)，位於內湖大直地區—捷運劍南路站旁，為最具代表性的時尚五星級飯店。以古典語彙建築外觀、英式貴族鐘樓、層次漸變的LED燈光、英式風情戶外花園，創造出維多麗亞酒店的多樣風貌。,https://taiwan.taiwanstay.net.tw/twpic/244891.jpg?v=20250702,1F歐式戶外花園：一樓歐式戶外花園多達數十種植物在春暖花開之際吸引著過路小鳥棲息，庭中白色花亭更是許多新人在此許下終生幸福的美麗一隅，無論是時尚派對、精品活動、雞尾酒會或是舉辦證婚儀式等，都是最佳,121.558713,25.084325,3,,雙人房13860;雙人房11550;雙人房23100;雙人房17325;雙人房(無障礙客房)11550;雙人房(無障礙客房)11550;,"餐廳,會議場所,咖啡廳,酒吧,宴會廳,健身房,游泳池,有線網路,無線網路,停車場,無障礙客房,上網電腦(免費),,,,洗衣服務,商務旅遊中心,接送服務,行動支付,哺乳室,外幣兌換,,",車位:小客車0輛、機車0輛、大客車0輛,96,11550,23100,1,gl@grandvictoria.com.tw,181,0,2,1,0
C4_A15010000H_008506,上賓大飯店,上賓大飯店位於錦州街上，中山北路及林森北路之間。且距離捷運中山國小站步行五分鐘，雙連站、民權西路站僅步行十分鐘，不論您是搭乘大眾運輸工具或自行開車均方便。本飯店領有台北市政府合法「旅館業登記證」、「旅館公會證照」，全部客房均有中央空調控制，消防設施及公共安全設備經市府評定合格，不論是地毯、窗簾、隔間均使用合格防火建材，高級進口衛浴設備及氣密隔音門窗，並有公共意外責任險6600萬，提供您一個舒適、安靜、乾淨、安心的住宿環境。設備與服務：茶與咖啡沖泡設備   礦泉水  梳妝台 衣櫃 外線電話  液晶全頻電視  迷你冰箱    免費WIFI上網    吹風機,,臺北市中山區錦州街23巷4號,104,臺北市,中山區,886-2-25113232,886-2-25424404,A15010000H,http://www.viphotel.com.tw,https://taiwan.taiwanstay.net.tw/twpic/74189.jpg?v=20250702,入口招牌,https://taiwan.taiwanstay.net.tw/twpic/260621.jpg?v=20250702,一大床,https://taiwan.taiwanstay.net.tw/twpic/260624.jpg?v=20250702,兩小床,121.525076,25.060654,3,,雙人房2400;其他3600;其他4000;雙人房2800;雙人房3200;雙人房(無障礙客房)1880;,"無線網路,國民旅遊卡,無障礙客房,,,,",車位:小客車6輛、機車4輛、大客車0輛,50,1680,18800,0,vip_booking@hotmail.com,105,0,,,10
C4_A15010000H_008536,台北國泰萬怡酒店,台北國泰萬怡酒店，是台灣首間 擁有美國LEED黃金級 和台灣EEWH鑽石級 兩個綠色建築認證， 同時也是首家萬豪旗下萬怡酒店品牌直營店，酒店座落在台北市中心民生東路、建國北路口精華商務區域，交通十分便捷。酒店有227間客房與套房，現代風格設計，氛圍明亮舒適，透過落地景觀窗，遠眺台北101、新光摩天大樓、大直摩天輪，別具風格的都會景致盡收眼底。並設有行政貴賓樓層，行政客房賓客皆可在行政貴賓廳享受個人化入住、餐飲與多項專屬服務。  為賓客24小時開放的專屬健身房位於酒店的17層，設有跑步機、交叉訓練機、固定自行車等多種健身設備，為賓客提供煥然一新的釋壓運動體驗，幫助賓客在旅途中保持活力與熱情。符合都會生活餐飲需求，有全日餐廳ＭJ Kitchen、The Lounge、Drift Lounge Bar，與三五好友相聚，享用美食讓忙碌緊繃的一天，輕鬆一下。全新挑高四米的宴會會議場地，新穎舒適的空間，適合中小型的菁英會議；也非常適合5至23桌的婚宴，由經驗豐富的團隊精心規劃與安排，讓您輕鬆安排重要活動。,,臺北市中山區民生東路三段6號地下1樓、1、2、14至20樓,104,臺北市,中山區,886-2-77503377,886-2-77503311,A15010000H,,https://taiwan.taiwanstay.net.tw/twpic/65303.JPG?v=20250702,台北國泰萬怡酒店_外觀_夜景,https://taiwan.taiwanstay.net.tw/twpic/71036.jpg?v=20250702,台北國泰萬怡酒店豪華客房,https://taiwan.taiwanstay.net.tw/twpic/71037.jpg?v=20250702,台北國泰萬怡酒店雅緻客房,121.538137,25.057724,3,,雙人房18000;套房30000;單人房15000;雙人房15000;雙人房16500;雙人房(無障礙客房)15000;,"餐廳,會議場所,咖啡廳,酒吧,宴會廳,健身房,無線網路,國民旅遊卡,停車場,無障礙客房,,,,洗衣服務,郵電服務,商務旅遊中心,貴重物品保管專櫃,接送服務,哺乳室,AED,外幣兌換,,",車位:小客車0輛、機車0輛、大客車0輛,227,15000,100000,0,petty.huang@courtyard.com,632,0,,,0
C4_A15010000H_008696,矽谷溫泉會館,"當您來訪台北市時，矽谷溫泉會館所提供的優質服務與高品質住宿將帶給您賓至如歸的享受。 在這裡，旅客們可輕鬆前往市區內各大旅遊、購物、餐飲地點。 對於喜歡冒險的遊客來說，自來水園區, 捷運辛亥站, 樂華夜市再合適不過了。 矽谷溫泉會館一直致力於為您提供最尊貴的服務與一流的設施，確保您下榻飯店期間愉快、愜意。 為了給客人提供更舒適和更便利的服務，飯店配備了所有房型皆附免費WiFi, 公共區域WiFi, 停車場, 機場接送, 會議設施。 所有客房都有提供周到的設施，以確保無與倫比的舒適感。 飯店的娛樂設施相當齊全，包括健身房, 溫泉。 不管您是哪一種類型的遊客，矽谷溫泉會館都是來台北市的理想下榻飯店。",,新北市新店區中正路491之1號,231,新北市,新店區,886-2-22180101,886-2-22183328,A15010000H,http://www.ntphotel.com/,https://taiwan.taiwanstay.net.tw/twpic/268241.jpeg?v=20250702,飯店外觀,https://taiwan.taiwanstay.net.tw/twpic/268247.jpeg?v=20250702,健身房,https://taiwan.taiwanstay.net.tw/twpic/268248.jpeg?v=20250702,和風客房,121.533531,24.982458,3,,雙人房(無障礙客房)6600;雙人房5600;雙人房6600;,"餐廳,健身房,有線網路,無線網路,國民旅遊卡,停車場,溫泉設施,無障礙客房,自助洗衣(收費),,,,洗衣服務,郵電服務,商務旅遊中心,貴重物品保管專櫃,,,自行車友善旅宿",車位:小客車0輛、機車0輛、大客車0輛,132,3000,20000,0,res@ntphotel.com,466,0,1,1,0
C4_A15010000H_008898,豪贊旅店,緊臨台北市西門町徒步區電影街，服務親切，詳盡旅遊諮詢，可從台北捷運板南線西門站(6號出口)至台北市各大旅遊景點，旅館周圍有公園、萬華運動中心、洛陽收費停車場，價錢最實惠，免費公用電腦上網，免費無線上網，到台北搭捷運旅遊、逛西門町、看電影、參加演唱會、世貿展覽、出差的最佳住處，從捷運西門站走路經西門町徒步區至宓琪旅館約10分鐘，有冷氣空調及獨立衛浴設備。,,臺北市萬華區昆明街34號2樓,108,臺北市,萬華區,886-2-23702199,886-2-23318638,A15010000H,,https://taiwan.taiwanstay.net.tw/twpic/90361.jpg?v=20250702,,https://taiwan.taiwanstay.net.tw/twpic/90364.jpg?v=20250702,,https://taiwan.taiwanstay.net.tw/twpic/90363.jpg?v=20250702,,121.506318,25.047259,3,,,"無線網路,,,商務旅遊中心,",車位:小客車0輛、機車0輛、大客車0輛,14,10000,20000,0,honeyprince630@gmail.com,36,0,,,0
C4_A15010000H_009031,丹迪旅店-大安森林公園店,自然、魅力、體驗 走入台北市中心的丹迪旅店，非一般的金燦俗麗，而是享受一種自然的優雅。歷經漫長的奔波，在此歇息，找出屬於自己的生活節奏。面向大安森林公園，仿如置身於紐約的CENTRAL PARK。Natural X Basic 舒服與慵懶的原木紋家具，搭配簡約及現代設計，展現出力與美的魅力創作。優雅低調的時尚生活給予您另一番的體驗。旅店共有73間客房，9層樓面及6種自然設計理念給予旅客各種舒適、自在的生活感受。,,臺北市大安區信義路三段33號3-10樓,106,臺北市,大安區,886-2-27076899,886-2-27090789,A15010000H,http://www.dandyhotel.com.tw,https://taiwan.taiwanstay.net.tw/twpic/128396.jpg?v=20250702,早餐餐廳,https://taiwan.taiwanstay.net.tw/twpic/128439.jpg?v=20250702,丹迪大安外觀照,https://taiwan.taiwanstay.net.tw/twpic/128397.jpg?v=20250702,大廳,121.534563,25.033717,3,,雙人房5200;雙人房4900;雙人房3440;雙人房3440;雙人房3040;雙人房3920;雙人房(無障礙客房)0;雙人房0;,"餐廳,有線網路,無線網路,停車場,無障礙客房,自助洗衣(免費),上網電腦(免費),,,,洗衣服務,外幣兌換,,,自行車友善旅宿",車位:小客車18輛、機車0輛、大客車0輛,73,12000,15000,0,dandydaan@taipeiinn.com.tw,146,0,,,18
C4_A15010000H_009045,大地清旅,大地清旅．旅店位於台北熱鬧的市中心，遼寧夜市旁，鄰近兩大捷運要站，南京復興站及忠孝復興站，無論要通往哪裡，交通都十分便利。小巨蛋、微風廣場、或東區商圈只需要步行5-10分鐘，台北市文創景點松山菸廠、華山文創園區，誠品商圈也屬於周遭熱門景點，雖屬鬧區，但環境單純，商務、旅遊住宿，安全無虞大地清旅一共有3種房型，分別為清旅客房、地平客房及大悅客房，全館皆以灰色、黃色及綠色為主要視覺設計，希望呈現大地清新的感覺，也希望帶給旅客柔和自在的感受，房內的攝影作品，是由大地清旅總經理在旅行過程中所拍下，皆以地平線為主題，突顯「大地清旅」的意含。,,臺北市中山區長安東路二段246號4至5樓,104,臺北市,中山區,886-2-27110102,886-2-27110139,A15010000H,http://www.hihorizon.com,https://taiwan.taiwanstay.net.tw/twpic/7611.jpg?v=20250702,寬敞寧靜的接待區,https://taiwan.taiwanstay.net.tw/twpic/1309.jpg?v=20250702,明亮舒適的餐廳．交誼廳,https://taiwan.taiwanstay.net.tw/twpic/481.jpg?v=20250702,早餐菜色豐富多元 誠意十足 營養滿分,121.543218,25.048436,3,,雙人房5500;其他5500;雙人房5500;雙人房5500;,"餐廳,會議場所,無線網路,國民旅遊卡,自助洗衣(免費),上網電腦(免費),,,,洗衣服務,行動支付,AED,,",車位:小客車0輛、機車0輛、大客車0輛,36,5500,5500,0,mgt@horizoninn.com.tw,72,0,,,0
C4_A15010000H_009166,麗都大飯店,台北麗都唯客樂飯店、即使是暫時的家，品味也絕對講究台北麗都唯客樂飯店提供您如同家一般溫馨與舒適的空間，用心在每一處地方，一進入大廳，充滿復古情懷與典藏價值的掛燈、隨著電梯扶搖而上的巨型壁畫，將一路引領您進入本館猶如古今中西縮影的九種浪漫風格房型。台北麗都唯客樂飯店除了關心您台北住宿的舒適和美學享受外，台北麗都唯客樂飯店也貼心為您的隱私做最安全的把關，採用全頻偵測器全天候偵測防止針孔攝影機，通過市政府消防安全檢查，合法飯店領有執照，裝置有緊急發電照明燈、滅火器、灑水設備、緩降機等，絕對讓您安心且放心地前來台北洽公、旅遊住宿。台北商務、洽公－貼心的服務在台北麗都唯客樂飯店台北麗都唯客樂飯店擁有優越的地理位置優勢，座落於台北市主金融商業區中心，飯店面對著六萬坪大安森林公園，讓您感受與豪宅等級的視野景觀，除了洽公洽商的交通便利性，距離熱門的永康街、鼎泰豐商圈更是可以直接的步行逛街前往，距離附近的光華電子3C廣場、台北101、台北世貿中心也只需您5~10分鐘的車程距離，因此，不論洽公購物或休閒娛樂，台北麗都唯客樂飯店都是國際旅客及國人您的最佳住宿選擇。台北麗都唯客樂飯店讓每一位旅客得以在繁忙的市中心，享受到精緻的服務品質及別出心裁的飯店特色，所有客房皆採用國際標準的防火門及防火材，消防設施經市府評定合格，並定期申報檢查保養，台北麗都唯客樂飯店最吸引人的，不只是天生美景人文美感，還有整個飯店團隊磅礡宏偉的經營氣宇，貼心的考量，讓每一位旅客的期待；得到無比的滿足。台北麗都唯客樂飯店己提供線上訂房機制台北麗都唯客樂飯店己經使用線上訂房系統，網友將可以輕鬆的指定入住日期及房型，而台北麗都唯客樂飯店也將不定期的開放特殊優惠專案及房型來回饋使用線上訂房機制的網友，趕緊訂房，台北麗都唯客樂飯店為您台北旅遊留下豐富精彩的回憶。,,臺北市大安區信義路三段11號1-11樓,106,臺北市,大安區,886-2-27065600,886-2-27009923,A15010000H,http://www.rido.com.tw,https://taiwan.taiwanstay.net.tw/twpic/101814.JPG?v=20250702,飯店大樓外觀,https://taiwan.taiwanstay.net.tw/twpic/33081.jpg?v=20250702,飯店外觀,https://taiwan.taiwanstay.net.tw/twpic/101815.jpg?v=20250702,飯店正對大安森林公園,121.533737,25.033783,3,,雙人房(無障礙客房)7000;,"有線網路,無線網路,國民旅遊卡,停車場,無障礙客房,自助洗衣(免費),,,,洗衣服務,貴重物品保管專櫃,,",車位:小客車0輛、機車0輛、大客車0輛,73,2700,9000,0,rido2000@ms53.hinet.net,164,0,,,0
C4_A15010000H_009266,府中棧精品商旅,府中棧精品商旅，打造一個全新的商旅天堂，全飯店經專業設計師規劃，以典雅舒適的空間設計，沒有誇飾的裝潢，沒有炫麗的柱廊，但一股散發自內在優雅蘊斂的氣質，及溫馨閒適的住房環境，在這裡，客人會感受到自己所受到的尊重，進入大廳門房親切稱呼姓名，接待人員引領舒適地辦理住房登記，我們都悉心準備好；這就是府中棧精品商旅，熱情帶給世界各地的旅客，秉持著『體貼入心，更甚於家』的服務理念，以「心」的方式來服務客人，將每位客人當成自己的家人，期待在工作或休閒之餘，可以感受到回家般的溫暖與舒適，帶給每一位賓客最細緻溫馨的服務及甜蜜美好的回憶。　　府中棧精品商旅位在新北市新都的商業中心～板橋，接臨新莊、中永和、土樹三鶯等工商重鎮，距台北市更只有一橋之隔，緊臨北二高交流道及捷運府中棧、板橋火車站，擁有三鐵共站的便利（鐵路、高鐵、捷運）；遠百商圈、服飾美妝、電子3C、量販賣場及南雅夜市皆近在咫尺，滿足住客日常生活所需。　　為了讓大台北地區旅客不需到台北市才能享受優質商務服務，誠摯地邀請您前來親身體驗，不論是商務出差、渡假休閒、全家出遊等，府中棧精品商旅都能滿足您的需求！,,新北市板橋區府中路9號及9號2至7樓,220,新北市,板橋區,886-2-89698989,886-2-29668585,A15010000H,http://www.mrthotel.com.tw/,https://taiwan.taiwanstay.net.tw/twpic/265836.jpg?v=20250702,府中棧精品商旅,,,,,121.459856,25.009502,3,,,"餐廳,會議場所,有線網路,無線網路,國民旅遊卡,,,,洗衣服務,接送服務,,,自行車友善旅宿",車位:小客車0輛、機車0輛、大客車0輛,47,5500,9000,0,mrt.hotel@gmail.com,118,0,,,0
C4_A15010000H_009578,台糖台北會館,「台糖台北會館」以現代化亮麗的外觀坐落於台北市中心，緊鄰西門町鬧區及台北車站。以台糖國營企業安心的形象及旅館貼心的服務滿足旅客為導向，融入「貼心簡易」的概念，住宿、用餐空間寬敞舒適、無壓迫感，專屬自行車保管存放空間及停車場。餐廳採無國界創意料理，提供輕Buffet美食，特選用台糖有機米、安心豚肉品等食材及台糖系列油品，吃的安心，價格實在無負擔，是會議與休閒聚會的最佳選擇。「是生活也是享受，是旅館也是你家」的經營理念，接待每位遠道光臨入住的貴賓。,,臺北市中正區中華路一段39號,100,臺北市,中正區,886-2-23885522,886-2-23117979,A15010000H,https://www.taipeihotel-tsc.com.tw,https://taiwan.taiwanstay.net.tw/twpic/35571.jpg?v=20250702,Taisugar Hotel Taipei台糖台北會館外觀,https://taiwan.taiwanstay.net.tw/twpic/36451.jpg?v=20250702,Taisugar Hotel Taipei Lobby台糖台北會館大廳,https://taiwan.taiwanstay.net.tw/twpic/129141.jpg?v=20250702,Taisugar Hotel Taipei Room Type-Deluxe Twin台糖台北會館豪華雙人房,121.509751,25.045414,3,,雙人房(無障礙客房)5400;,"餐廳,會議場所,咖啡廳,商店,有線網路,無線網路,國民旅遊卡,停車場,高齡房,無障礙客房,,,,洗衣服務,郵電服務,商務旅遊中心,貴重物品保管專櫃,行動支付,穆斯林餐廳,哺乳室,AED,,,自行車友善旅宿",車位:小客車0輛、機車0輛、大客車0輛,68,5000,7200,0,taisugartaipei@gmail.com,152,0,,,0
C4_A15010000H_009748,台北青年國際旅館,位於台北市交通重要樞紐的台北車站附近，為商業、娛樂、購物及人文薈萃的精華區。我們秉持YMCA創立的初衷，提供平價、溫馨、清潔與安全的居住環境。 走進YMCA感受到的是清爽、明亮、充滿空間質感的清新感，笑容可掬的服務人員，溫柔貼心的招呼每位旅客，溫馨的氣氛讓駐足於此的旅人有著最輕鬆舒適的住宿體驗，讓每一位到訪的國內外旅客，都能感受到「家外之家」的溫暖。,,臺北市中正區許昌街19號1樓及4-10樓,100,臺北市,中正區,886-2-23113201,886-2-23113209,A15010000H,http://www.ymcahotel.tw,https://taiwan.taiwanstay.net.tw/twpic/90581.jpg?v=20250702,大廳,https://taiwan.taiwanstay.net.tw/twpic/90582.jpg?v=20250702,大廳,https://taiwan.taiwanstay.net.tw/twpic/100872.jpg?v=20250702,走進YMCA感受到的是清爽、明亮、充滿空間質感的清新感，笑容可掬的服務人員，溫柔貼心的招呼每位旅客，溫馨的氣氛讓駐足於此的旅人有著最輕鬆舒適的住宿體驗，讓每一位到訪的國內外旅客，都能感受到「家外之家」,121.516551,25.045644,3,,雙人房(無障礙客房)7200;雙人房3500;雙人房3500;,"會議場所,無線網路,國民旅遊卡,無障礙客房,自助洗衣(收費),上網電腦(免費),,,,洗衣服務,貴重物品保管專櫃,AED,,",車位:小客車0輛、機車0輛、大客車0輛,99,2200,7200,0,rv.ymca@msa.hinet.net,222,0,,,0
C4_A15010000H_009845,好駐旅館,位於台北市中山區新生北路上，鄰近南京東路與林森北路條通文化，長安東路熱炒街精華地段，離華山文化創意園區大草原僅分鐘之距，於捷運松山南京站與中山站間，設計精巧的房型，提供每位旅人乾淨舒適的旅居環境；注重每位旅客的細節，完善的清理設施以及館內青年文化的陳設細節與巧思，讓旅行更為自在放鬆；同時中山區是博物館、美食、居民友善的絕佳環境，在這裡，可以盡情享受台北的繁華街景及人文特色，讓您的旅行成為記憶中最美麗的旅程。,,臺北市中山區新生北路一段106號6樓、7樓、7樓之1-9,104,臺北市,中山區,886-2-25213131,886-2-25213131,A15010000H,,,,,,,,121.528276,25.049492,3,,,"無線網路,,,,",車位:小客車1輛、機車1輛、大客車0輛,29,4360,7360,0,nell79522@gmail.com,58,0,0,0,2
C4_A15010000H_009998,皇家季節酒店2館,位於臺北市的旅館飯店充滿歐洲皇家風格，古典藝術融入飯店設計中，營造出彷彿時間靜止的氛圍，隨著時間的流逝而變得更加優雅。位於台北市西區黃金地段，緊鄰台北車站、南京西路及重慶地區迪化商圈，具有文化、歷史與現代特色，是台北市重要的交通樞紐。東鄰市民大道，直通台北世貿展覽中心，西接環河高速公路，北接重慶北路，連接士林。陽明山。天上的母親。北投和淡水也靠近中山高速和重慶北路交會處，減少往返機場的時間。毗鄰著名的百歲迪化街及台北車站。寧夏夜市。步行即可輕鬆抵達台北捷運中山站和各大百貨公司。,,臺北市大同區南京西路330號1至11樓,103,臺北市,大同區,886-2-25556488,886-2-25556499,A15010000H,http://www.taiwanseasonshotel.com,https://taiwan.taiwanstay.net.tw/twpic/239060.jpg?v=20250702,客房,https://taiwan.taiwanstay.net.tw/twpic/239059.jpg?v=20250702,客房,https://taiwan.taiwanstay.net.tw/twpic/239061.jpg?v=20250702,外觀,121.512893,25.053837,3,,雙人房3600;,"會議場所,健身房,有線網路,無線網路,上網電腦(免費),,,,洗衣服務,商務旅遊中心,行動支付,,",車位:小客車0輛、機車0輛、大客車0輛,46,3500,9000,0,doo.tp.nw@royalseasons.com,92,0,,,0
C4_A15010000H_010353,宏都金殿大飯店,宏都金殿大飯店在經營團隊專業知識帶領下及人員訓練的同時，一直秉持著以客戶為尊的經營管理信念。　　精雕細琢的打造了一個嶄新的商務飯店，安和路敦南商圈，一直是台北的商業都心，周圍林立著都市現代建築，但在僻靜的一角，本飯店將適時的提供您一處舒適且隱約私密的獨立空間，鄰近 除了各大商務據點，更兼具了購物、旅遊的便利機能，位於交通之樞紐以台北宏都金殿飯店為中心搭乘捷運以及公車都非常的便利；身在都市又可感受寧靜讓您在繁忙的工作之餘，卸下疲憊，悠遊於香榭大道般的輕鬆、怡然。　　台北宏都金殿飯店位於台北市安和路上緊鄰通化街觀光夜市、台北101、小巨蛋、 世貿中心、信義商圈、南港園區(車程約15分鐘)、南京商圈、忠孝商圈、國父紀念館、木柵動物園、貓空纜車、象山、大安森林公園、EZ5、Carnegies、The Bed交通四通八達有如香港中環的蘭桂坊。地理位置優越便利、不論是逛街購物、出差 台北宏都金殿飯店都是您住宿旅遊休憩的最棒選擇。,,臺北市大安區安和路2段100號2-9樓,106,臺北市,大安區,886-2-27556599,886-2-27005966,A15010000H,http://www.hdpalace.com.tw,https://taiwan.taiwanstay.net.tw/twpic/180039.jpg?v=20250702,外觀,https://taiwan.taiwanstay.net.tw/twpic/118592.jpg?v=20250702,大廳沙發區 Lobby,https://taiwan.taiwanstay.net.tw/twpic/118593.jpg?v=20250702,大廳 Lobby,121.549878,25.028366,3,,雙人房5000;雙人房5000;雙人房5000;雙人房5500;雙人房5000;雙人房5000;,"有線網路,無線網路,停車場,,,,洗衣服務,商務旅遊中心,貴重物品保管專櫃,接送服務,外幣兌換,,,自行車友善旅宿",車位:小客車0輛、機車0輛、大客車0輛,32,5000,16000,0,hdpalace88@hdpalace.com.tw,88,0,,,0
C4_A15010000H_010571,台北凱撒大飯店,台北凱撒位處站前商圈，擁有台北市都心絕佳地理位置，鄰近台北火車站、台灣高鐵、台北捷運、公車站、客運轉運站等重要交通樞紐，兼顧您的娛樂及休閒需求，可方便地到達台北101、東區商圈、淡水老街、花博園區、或是西門町，無論您的目的是用餐、遊覽、購物或商務洽公，台北凱撒大飯店是您的最佳選擇。我們將秉持專業經營理念及以客為尊的服務態度，使您與親朋好友體會像家一樣的感覺，留下最美好的回憶。,,臺北市中正區忠孝西路1段38號,100,臺北市,中正區,886-2-23115151,886-2-23122183,A15010000H,http://taipei.caesarpark.com.tw/,https://taiwan.taiwanstay.net.tw/twpic/29717.jpg?v=20250702,飯店Lobby,https://taiwan.taiwanstay.net.tw/twpic/48607.jpg?v=20250702,梯廳,,,121.516596,25.046215,1,,雙人房15000;雙人房14000;雙人房19000;雙人房(無障礙客房)10000;雙人房11000;雙人房13000;雙人房10000;雙人房15000;雙人房17000;,"餐廳,會議場所,咖啡廳,酒吧,宴會廳,健身房,商店,無線網路,iTaiwan,國民旅遊卡,停車場,無障礙客房,,,,洗衣服務,郵電服務,商務旅遊中心,貴重物品保管專櫃,美容室,接送服務,行動支付,哺乳室,AED,外幣兌換,,,自行車友善旅宿",車位:小客車13輛、機車0輛、大客車0輛,478,10000,19000,0,gm_tpe@caesarpark.com.tw,956,0,,,13
C4_A15010000H_010709,悅客商務飯店,悅客商務飯店是經專業設計師精心規畫，座落於新北市板橋一幢全新的商務飯店，於2014年以異軍突起、一顆新星之姿加入飯店業界，為所有國內外旅客提供貼心的住宿服務。悅客商務飯店位於新北市都會中心～板橋，距台北市僅一水之隔，距北二高中和交流道只有十分鐘車程，近臨新北市政府、板橋車站(三鐵共構 台鐵、高鐵、捷運)及國內長途巴士總站、捷運板南線江子翠站3號出口步行約15分鐘，交通十分便利。本飯店全館有無線網路及備有電腦提供旅客使用，出差，旅遊…..『悅客商務飯店』將是您最佳選擇。,,新北市板橋區三民路一段107號1-9樓,220,新北市,板橋區,886-2-29648889,886-2-29644831,A15010000H,,https://taiwan.taiwanstay.net.tw/twpic/265831.jpg?v=20250702,悅客商務飯店,,,,,121.479499,25.021378,3,,雙人房3600;單人房(無障礙客房)3600;單人房(無障礙客房)3600;,"餐廳,無線網路,國民旅遊卡,停車場,無障礙客房,上網電腦(免費),,,,",車位:小客車10輛、機車5輛、大客車2輛,69,6000,10000,0,serivce@yorkts.com,140,0,,,17
C4_A15010000H_011433,皇家玫瑰旅館西門館,位於台北市西區繁華之首 – 西門町商圈，除了集合時下最新潮的青年文化，同時也能讓人感受到此區新舊交雜的豐富歷史。另外，萬年商業大樓、武昌電影街、西門紅樓，沿街的道地台式風味小吃，都是不容錯過的西門特色。,,臺北市萬華區西寧南路63之1號,108,臺北市,萬華區,886-2-23819333,886-2-23813222,A15010000H,http://www.rosehotel.com.tw/tw/hotel_about.php?hid=4,https://taiwan.taiwanstay.net.tw/twpic/21265.jpg?v=20250702,大廳,https://taiwan.taiwanstay.net.tw/twpic/3381.jpg?v=20250702,客房,https://taiwan.taiwanstay.net.tw/twpic/38597.jpg?v=20250702,交誼區,121.506210,25.045266,3,,雙人房3600;,自行車友善旅宿,車位:小客車0輛、機車0輛、大客車0輛,7,15000,15000,0,rose.hotel4@msa.hinet.net,14,0,0,0,0
C4_A15010000H_011982,新驛旅店復興北路店,新驛旅店復興北路店擁有120間客房，跳脫新驛旅店系列以往橘白色系的風格，邀請日本團隊來台打造清水模建築體，內在搭配國內策展大師陳俊良詮釋下的濃厚東方禪，其粗曠與清潤的結合，清新而簡約的設計讓前來住宿的旅人在舒適的休憩外，更能在城市裡體驗完美的鬧中取靜，沉潛一天的情緒。 新驛旅店復興北路店距離文湖線捷運中山國中站僅需步行二分鐘，鄰近松山機場（距離1.5公里）及內湖經貿園區，搭乘捷運可前往台北市各著名觀光景點，沿著錦州街還能品嘗各式道地台灣料理，若想體驗人文氣息，更可步行至民生社區造訪各家擁有不同特色的咖啡廳及文創設計小店，新驛旅店復興北路店其絕佳的地理位置除提供旅客商務洽公及旅遊台北之便利交通外更能完全滿足旅客造訪台北市中心及深度旅遊之需求。 秉持著新驛人一貫的服務精神，接待人員親切熱情的笑容及活力，館內各式充足且貼心的設備，我們期待為到來的每位旅客提供平價時尚且賓至如歸的住宿體驗。,,臺北市中山區復興北路338號,104,臺北市,中山區,886-2-25158777,886-2-25153222,A15010000H,,https://taiwan.taiwanstay.net.tw/twpic/140263.jpg?v=20250702,,,,,,121.543962,25.059534,3,,單人房(無障礙客房)9600;單人房9600;單人房10800;雙人房0;其他13000;雙人房15000;,"有線網路,無線網路,iTaiwan,國民旅遊卡,停車場,高齡房,無障礙客房,自助洗衣(免費),上網電腦(免費),,,,洗衣服務,商務旅遊中心,AED,外幣兌換,,,自行車友善旅宿",車位:小客車35輛、機車18輛、大客車0輛,120,9600,15500,0,service6@cityinn.com.tw,270,0,3,2,53
C4_A15010000H_012639,城市商旅-台北南西館,城市商旅南西館，以重現大稻埕商務繁華及振興台北城歷史文化為理念，成為台北市西區首屈一指、兼具商務與文化的酒店，提供商務人士及各地旅人寧靜的休憩空間，寬敞挑高氣派的接待大廳，沉穩寬闊的設計、及貼心的住房設備，客房搭配知名家飾設計Gallery Su的家飾精品，讓旅客在此真正的放鬆。旅客可在充滿英式風格的閱讀室，閱讀各類中外報章、雜誌、書冊，輕鬆舒適的體會閱讀的箇中樂趣，並免費品味濃醇香郁的咖啡。酒店提供自助式營養元氣早餐，讓您的旅行有一個精神飽滿的開始。全館80間客房，免費提供商務房客24小時無線上網設備及咖啡、茶飲服務。酒店設置兩間獨立式會議廳（容納30人)，可供商務房客會議租借使用。,,臺北市大同區南京西路169號,103,臺北市,大同區,886-2-25507722,886-2-25507733,A15010000H,http://www.hpw.com.tw/hotel/hotel.asp,https://taiwan.taiwanstay.net.tw/twpic/1649.jpg?v=20250702,外觀,https://taiwan.taiwanstay.net.tw/twpic/208472.jpg?v=20250702,無障礙空間及客房,https://taiwan.taiwanstay.net.tw/twpic/208473.jpg?v=20250702,無障礙空間及客房,121.512647,25.054051,3,,雙人房12500;雙人房9000;雙人房11500;雙人房9000;雙人房10000;雙人房8000;雙人房(無障礙客房)7500;,"會議場所,健身房,無線網路,無障礙客房,,,,,自行車友善旅宿",車位:小客車0輛、機車0輛、大客車0輛,80,7500,20000,0,reservation@citysuites.com.tw,160,0,,,0
C4_A15010000H_012661,俞美飯店,台北美系列飯店─俞美精品飯店位於台北市西門町武昌街，近捷運西門站六號出口，步行約10分鐘。西門町是遠近馳名的潮男型女集散地，也是在國際間享負盛名的觀光朝聖地，是台北必遊的景點之一。俞美精品飯店座落於電影街內，無論飲食、交通、購物及休閒娛樂，周邊商店林立，應有盡有。俞美精品飯店鄰近峨嵋停車場、聯合醫院、誠品、萬年大樓、MOMO藥妝、好樂迪KTV、星聚點KTV、U2、國賓及威秀等各大電影院、生活機能一應俱全！俞美精品飯店共計42間客房，分別為標準雙人房、高級雙人房、豪華三人房及頂級四人房。每一間客房皆配有LCD液晶電視、乾溼分離獨立沐浴間、免費Mini bar，高速寬頻網路及免費無線上網等。此外，俞美精品飯店旁更有台北美系列飯店集團首家手感咖啡烘焙坊─RD Cafe 深烘焙！RD Cafe 深烘焙精選優良咖啡生豆，每周自行小量烘焙處理，採特有秘方並依獨門黃金比例，混合出各式香濃綜合咖啡。俞美精品飯店的舒適住房與RD Cafe 深烘焙的香濃咖啡，絕對讓您在旅程中留下難忘的回憶！俞美精品飯店地理位置優越，西門町商圈食衣住行育樂的包羅萬象，加上台北美系列飯店堅持的品質保證，俞美精品飯店將為您每一段旅程激發出無限的驚喜，成為您旅途中溫暖舒適的第二個家,,臺北市萬華區武昌街二段106號2-8樓,108,臺北市,萬華區,886-2-23883008,886-2-23883007,A15010000H,http://www.beautyhotels.com.tw/,,,,,,,121.505163,25.045097,3,,,"有線網路,無線網路,國民旅遊卡,自助洗衣(收費),洗衣服務,貴重物品保管專櫃",車位:小客車0輛、機車0輛、大客車0輛,42,1500,12000,0,b6@beautyhotels.com.tw,105,0,,,0
C4_A15010000H_012771,上華旅館,上華旅館位於台北市，居於市中心之樞紐位置，台北飯店-上華旅館不僅地理環境鬧中取靜，其交通更是四通八達。上華旅館仳鄰捷運新蘆線中山國小站，周邊並有多線公車經過，入宿上華旅客可利用方便的交通工具，輕鬆到達台北市各主要商業區或觀光景點及名勝古蹟，如行天宮、台北市立美術館等。此外、上華旅館附近並有新光百貨公司及中山美術公園等，入宿台北飯店-上樺旅棧無論您是觀光旅遊、逛街購物或商務洽公，上華旅館都將是您安全又便捷的最佳選擇。,,臺北市中山區雙城街5號2樓至6樓,104,臺北市,中山區,886-2-25911190,886-2-25912199,A15010000H,http://www.goodlife-hotel.com.tw,,,,,,,121.524243,25.063165,3,,,"有線網路,無線網路,自助洗衣(免費),,,,洗衣服務,,",車位:小客車0輛、機車0輛、大客車0輛,40,4000,22000,0,goodlife2591@yahoo.com.tw,120,0,,,0
C4_A15010000H_012826,台北美福大飯店,矗立在台北市大直河岸，兩座穹頂在天際線上畫出優美線條，台北美福大飯店以優雅軒昂之姿，俯瞰台北市區。腹地三千六百坪，以新古典主義風格為建築設計主軸，十六公尺高的羅馬柱雄踞四方，融合東方象徵富貴的牡丹花，以銅手工打造，將其嬌羞含苞到綻放風華的歷程巧妙詮釋在這棟廿五層樓高的美麗建築。全館擁有一百四十六間豪華客房，5間特色餐廳、烘焙咖啡廳及一間酒吧，挑高七公尺的無柱氣派宴會廳，以及戶外恆溫游泳池與三溫暖等休閒設施。台北美福大飯店以台灣精神為藍圖，國際水準為經緯，融合多元文化不斷精鍊，成功描繪一種無與倫比、至善至美的幸福體驗。,6,臺北市中山區樂群二路55號,104,臺北市,中山區,886-2-77223399,886-2-77223388,A15010000H,https://www.grandmayfull.com/,https://taiwan.taiwanstay.net.tw/twpic/12635.jpg?v=20250702,矗立在台北市大直河岸，兩座穹頂在天際線上畫出優美線條，台北美福大飯店以優雅軒昂之姿，俯瞰台北市區。腹地三千六百坪，以新古典主義風格為建築設計主軸，十六公尺高的羅馬柱雄踞四方，融合東方象徵富貴的牡丹花，以銅手工打造，將其嬌羞含苞到綻放風華的歷程巧妙詮釋在這棟廿五層樓高的美麗建築。全館擁有一百四十六間豪華客房，七間精心打造的主題餐廳，挑高七公尺的無柱氣派宴會廳，以及戶外恆溫游泳池與三溫暖等休閒設施。台北美福大飯店以台灣精神為藍圖，國際水準為經緯，融合多元文化不斷精鍊，成功描繪一種無與倫比、至善至美的幸福體驗。,https://taiwan.taiwanstay.net.tw/twpic/102118.jpg?v=20250702,彩匯自助餐廳就像一座鮮食的百樂園，每天備有各種琳琅珍味，以美福集團自信的嚴選肉品搭配各地蔬食，調配出包括中西湯品、西式餐點、中式料理、日本料理、異國料理、明爐Pizza、甜點與飲料吧。讓自然的好吃，轉,https://taiwan.taiwanstay.net.tw/twpic/20565.jpg?v=20250702,潮粵坊以道地廣東菜、潮州菜搭配港式飲茶，揮灑出完整而豐美的菜色配置。無論單品乃至煲湯，均採用全食材精心熬煮，依時當令、生津厚養。此外，有別於傳統粵菜重海鮮肉食，潮粵坊亦悉心鑽研，援用大量蔬食入菜，不只要將粵菜的百納鮮甜呈上桌，更讓您頤養生息，品味健康。,121.553673,25.080199,1,,套房31000;單人房14000;雙人房17000;套房41000;雙人房19000;套房200000;雙人房(無障礙客房)14000;,"餐廳,會議場所,咖啡廳,酒吧,宴會廳,健身房,商店,游泳池,有線網路,無線網路,三溫暖,國民旅遊卡,停車場,無障礙客房,,,,兒童遊樂設施,洗衣服務,商務旅遊中心,接送服務,行動支付,導覽解說,穆斯林餐廳,哺乳室,AED,外幣兌換,,",車位:小客車320輛、機車619輛、大客車4輛,146,14000,200000,1,info@grandmayfull.com,292,0,,,943
C4_A15010000H_013139,新仕商務旅店,新仕商務旅店:位於台北市中心.捷運雙連站旁邊2分鐘.,,臺北市中山區民生西路8號及附2-12樓,104,臺北市,中山區,886-2-25627466,886-2-25421477,A15010000H,http://www.shin-shih.com.tw/,,,,,,,121.522334,25.057733,3,,,"有線網路,無線網路,國民旅遊卡,自助洗衣(收費),,,,洗衣服務,貴重物品保管專櫃,接送服務,外幣兌換,,",車位:小客車0輛、機車0輛、大客車0輛,44,3000,15000,0,shinshihhotelnew@gmail.com,96,0,,,0
C4_A15010000H_013434,華夏國際飯店,HIGHNESS HOTEL華夏飯店鄰接林口交流道，至台北市區或桃園國際機場只需18分鐘車程，近機場捷運A8/A9站，毗鄰多科學園區、高爾夫球場與休閒勝地，地處大台北地區黃金樞紐要點。 華夏憑藉優異地理位置且兼具商務與休閒功能，深獲國內外人士之肯定與喜愛，為北台灣住宿首選。 在華夏您可享有尊貴典雅的各式客房、雙人房、與套房，無壓力的舒適住宿空間，專業用心的服務團隊及完備的設施，將帶給您賓至如歸的感受。•全wifi上網環境。•全平面停車位，住客免費停泊。•無障礙客房，特殊旅遊需求者更需要一個舒適方便的休息環境。備有無障礙客房外，每一位服務人員在任何時候都樂意提供主動服務。•此外也有餐廳、會議室、健身房、洗衣房、代客洗衣收送服務、安排車輛、機場接送、國內外包裹郵寄代收、外幣兌換、旅遊諮詢等等服務。,,桃園市龜山區文化二路28號,333,桃園市,龜山區,886-3-3275888,886-3-3271000,A15010000H,https://highnesshotel.ezhotel.com.tw/1,https://taiwan.taiwanstay.net.tw/twpic/25557.jpg?v=20250702,飯店外觀,,,,,121.364405,25.060793,3,,雙人房(無障礙客房)5600;,"餐廳,會議場所,咖啡廳,健身房,無線網路,國民旅遊卡,停車場,無障礙客房,自助洗衣(收費),,,,",車位:小客車138輛、機車0輛、大客車0輛,235,4200,5600,0,service@highness.com.tw,512,0,,,138
C4_A15010000H_013569,台北遠東香格里拉,台北遠東香格里拉位於台北市中心，昂然矗立于繁華的敦南商圈，是遠企中心雙塔式建築的其中一棟，結合購物中心與辦公大樓，滿足旅客洽公、逛街需求；2018 及 2019連續兩年榮獲台北米其林指南評鑑為奢華酒店、連續8年榮獲亞太商旅雜誌「台北最佳商務飯店」，並榮獲康泰納仕旅遊者雜誌2023年讀者之選「最佳酒店」的肯定，更是台灣唯一上榜的酒店！樓高43樓，不僅提供優質細膩服務，其融合東西優雅設計全新改裝的客房寬敞舒適，擁有絕佳城市景觀。,5,臺北市大安區敦化南路2段201號,106,臺北市,大安區,886-2-23788888,886-2-23777777,A15010000H,https://www.shangri-la.com/tc/taipei/fareasternplazashangrila/,https://taiwan.taiwanstay.net.tw/twpic/36325.JPG?v=20250702,,https://taiwan.taiwanstay.net.tw/twpic/37789.JPG?v=20250702,台北遠東香格里拉,https://taiwan.taiwanstay.net.tw/twpic/27201.jpg?v=20250702,台北遠東香格里拉,121.549282,25.026612,1,,雙人房26334;雙人房23100;套房173250;套房32340;雙人房(無障礙客房)23678;雙人房23678;雙人房25410;雙人房25757;雙人房28067;其他27143;雙人房25988;套房288750;,"餐廳,會議場所,咖啡廳,酒吧,宴會廳,健身房,商店,游泳池,有線網路,無線網路,iTaiwan,三溫暖,國民旅遊卡,停車場,無障礙客房,自助洗衣(免費),自助洗衣(收費),上網電腦(收費),,,,洗衣服務,商務旅遊中心,接送服務,體驗活動,哺乳室,AED,,",車位:小客車0輛、機車0輛、大客車0輛,420,23100,288750,1,tpe@shangri-la.com,840,0,,,0
C4_A15010000H_013686,福容大飯店    淡水漁人碼頭,離城市最近的度假勝地 擁抱世界級奢華美景飯店位於占地15公頃的淡水漁人碼頭景區內，得天獨厚的自然資源，世界級絕美夕陽相伴， 加上獨特郵輪造型外觀，享有全台最美飯店美譽!從台北市區出發，自駕車程約 40 分鐘，也可搭乘捷運淡水線，或淡海輕軌、藍色公路渡輪等大眾運輸 十分便利，飯店旁豎立一座新北市地標「百米旋轉情人塔」，可飽覽淡水山 海美景，遠眺台灣海峽及觀音山;飯店規劃 198 間舒適客房，面向淡水河的無 敵海景房令旅客印象深刻;完善休閒設施，包含景觀游泳池、溫泉大眾池、 黃金美人湯、海景健身房、兒童遊戲及閱讀區、SPA 芳療、球類樂活中心，以及室內 300 坪最好玩的親子體能館「淡水阿熊勇闖歡樂島」等;中西式美饌佳餚包含田園自助百匯餐廳、阿基師觀海茶樓、大廳咖啡廳、夜間音樂酒吧、「樂活初號店」結合文青茶飲＋社交空間＋創新零售；淡水福容飯店在國內外各項評比競賽中獲獎肯定，包括世界奢華飯店、世界 奢華餐廳、台灣最美飯店、亞洲最佳親子飯店、十大人氣飯店、十大特色飯店等。,5,新北市淡水區觀海路83號,251,新北市,淡水區,886-2-26287777,886-2-26287888,A15010000H,http://www.fullon-hotels.com.tw/fw/,https://taiwan.taiwanstay.net.tw/twpic/42642.jpg?v=20250702,飯店外觀,https://taiwan.taiwanstay.net.tw/twpic/132330.jpg?v=20250702,,https://taiwan.taiwanstay.net.tw/twpic/132329.jpg?v=20250702,,121.411132,25.185137,1,,雙人房9800;套房25800;雙人房(無障礙客房)11800;雙人房13800;雙人房68800;雙人房12800;雙人房19800;雙人房20800;雙人房(無障礙客房)11800;,"餐廳,會議場所,咖啡廳,酒吧,宴會廳,健身房,商店,游泳池,有線網路,無線網路,三溫暖,國民旅遊卡,停車場,溫泉設施,無障礙客房,自助洗衣(收費),上網電腦(免費),,,,兒童遊樂設施,洗衣服務,郵電服務,商務旅遊中心,貴重物品保管專櫃,美容室,室內遊樂設施,接送服務,自行車租借,行動支付,導覽解說,穆斯林餐廳,哺乳室,AED,外幣兌換,寵物友善旅宿,,,自行車友善旅宿",車位:小客車120輛、機車50輛、大客車10輛,198,9800,68800,1,fw@fullon-hotels.com.tw,396,0,,,180
C4_A15010000H_013709,麗雅精品旅館,麗雅精品旅館榮獲台北市政府評核為安全、安靜、乾淨之優良旅館。交通部觀光局評鑑為二星級旅館.是無餐廳旅館最高等級之榮譽.麗雅精品旅館設址於台北市長春路62號8樓，成立於民國92年10月，為合法經營旅館，同時亦為旅館公會之會員，以完美親切與乾淨舒適為經營理念。本旅館為精緻商務休閒旅館，擁有各式東洋、南洋、歐美等風格的寬敞套房，內部裝潢皆為名師設計並採用高級豪華建材。各套房皆設置除濕機與24小時免費網路等設備並具備清香乾淨的時尚衛浴、舒適按摩浴缸等設施，讓您在出外玩樂、商務辦公之餘能享受無比舒暢的放鬆。本旅館服 務對象以一般商務人士及與夫妻、情侶為主，在滿足您的各式需求中務必達到盡善盡美甚至超越滿意的境界。不論是商務洽公、旅遊或休息等，麗雅精品旅館絕對會 是您最佳的選擇。您的光臨絕對會是我們最大的榮幸，衷心期待您的光臨並享受我們最佳品質的服務。,,臺北市中山區長春路62號8樓之1,104,臺北市,中山區,886-2-25411133,886-2-25312223,A15010000H,,https://taiwan.taiwanstay.net.tw/twpic/14441.jpg?v=20250702,,https://taiwan.taiwanstay.net.tw/twpic/18106.jpg?v=20250702,房間1,https://taiwan.taiwanstay.net.tw/twpic/19273.jpg?v=20250702,外觀,121.526131,25.054896,3,,雙人房1980;雙人房1780;,"國民旅遊卡,停車場,,,,",車位:小客車0輛、機車0輛、大客車0輛,12,1980,1980,0,yangyuwawa@gmail.com,24,0,,,0
C4_A15010000H_013988,皇家季節酒店1館,位於臺北市的旅館，酒店充滿了歐洲皇家風格，古典藝術融入酒店的設計中，營造出彷彿時光靜止的氛圍，隨著歲月的流逝愈發優雅。位於台北市西區黃金地段，緊鄰台北車站、南京西路及重慶地區迪化商圈，具有文化、歷史與現代特色，是台北市重要的交通樞紐。東臨市民大道，直達台北世貿展覽中心，西臨環河高速公路，北臨重慶北路，連接士林。陽明山。天上的母親。北投、淡水也靠近中山高速重慶北路交會處，減少往返機場的時間。毗鄰著名的100年歷史的迪化街和台北車站。寧夏夜市。步行即可輕鬆抵達台北捷運中山站和各大百貨公司。,,臺北市大同區南京西路326號1樓、2樓、3樓、4樓、5樓，及8樓、9樓,103,臺北市,大同區,886-2-25554288,886-2-25556499,A15010000H,http://www.taiwanseasonshotel.com,https://taiwan.taiwanstay.net.tw/twpic/239057.jpg?v=20250702,飯店外觀,,,,,121.512772,25.053861,3,,雙人房3300;,"會議場所,健身房,有線網路,無線網路,國民旅遊卡,上網電腦(免費),,,,郵電服務,商務旅遊中心,貴重物品保管專櫃,接送服務,行動支付,,",車位:小客車0輛、機車0輛、大客車0輛,48,3300,4300,0,doo.tp.nw@royalseasons.com,96,0,,,0
C4_A15010000H_014078,圓山大飯店,圓山飯店創立於西元1952年，十四層宮殿式大樓，巍峨高聳於圓山之腰，前臨基隆河、後倚陽明山、東望松山、西眺淡水。飯店紅柱金瓦氣勢宏偉的外觀，襯托富麗堂皇的氣氛，傳達了東方宮殿建築之美，是台北市的代表地標之一，聞名世界，是中外人士觀光住宿或商務會議的最佳選擇。 飯店擁有408間客房，白天鳥瞰台北市的繁華市容，夜晚一覽台北市的寧靜夜景，是圓山飯店提供給貴賓的絕妙享受。飯店內設有中、西式餐廳，提供極致美食佳餚。圓山大飯店五星級的優質設施與服務，誠摯邀請您前來體驗與感受這獨一無二的圓山風情。,5,臺北市中山區中山北路4段1巷1號,104,臺北市,中山區,886-2-28868888,886-2-28852885,A15010000H,http://www.grand-hotel.org,https://taiwan.taiwanstay.net.tw/twpic/54211.jpg?v=20250702,飯店外觀夜景,https://taiwan.taiwanstay.net.tw/twpic/105849.jpg?v=20250702,飯店櫃檯,https://taiwan.taiwanstay.net.tw/twpic/3279.jpg?v=20250702,飯店外觀日景,121.526142,25.078575,1,,套房36000;套房22000;雙人房12000;雙人房8800;套房30000;套房26000;雙人房12800;雙人房13800;雙人房14800;雙人房15800;雙人房(無障礙客房)8800;雙人房12000;雙人房480000;,"餐廳,會議場所,咖啡廳,酒吧,宴會廳,健身房,商店,游泳池,無線網路,三溫暖,國民旅遊卡,停車場,無障礙客房,上網電腦(免費),,,,洗衣服務,郵電服務,商務旅遊中心,貴重物品保管專櫃,接送服務,行動支付,導覽解說,穆斯林餐廳,哺乳室,AED,外幣兌換,,",車位:小客車357輛、機車0輛、大客車9輛,408,8800,480000,1,grand@grand-hotel.org,816,0,,,366
C4_A15010000H_014686,汐止福泰大飯店,汐止南港地區首座五星級飯店，集多元服務於一身的汐止福泰大飯店地處於南港三鐵共構精華地區，由環東大道或汐止交流道僅 5分鐘即可抵達。鄰近南港軟體經貿園區、南港火車站、汐科火車站、中央研究院、汐止東方科學園區，是商務人士旅遊洽公的首選。多樣化服務項目：客房住宿214間、中西式餐飲 (含VIP包廂)、會議、大型筵席（適合婚宴、尾牙春酒及節慶活動）、婚顧中心等，不僅滿足台北市及新北市在地居民的生活休閒需求、帶動當地服務業發展，同時協助推廣台灣商務旅遊，共同為台灣創造優質舒適的商務交流空間。,,新北市汐止區大同路1段128號,221,新北市,汐止區,886-2-26919222,886-2-26902399,A15010000H,https://www.fortehotelgroup.com,https://taiwan.taiwanstay.net.tw/twpic/173832.jpg?v=20250702,商務中心,https://taiwan.taiwanstay.net.tw/twpic/173836.jpg?v=20250702,標準客房,https://taiwan.taiwanstay.net.tw/twpic/173837.jpg?v=20250702,三溫暖,121.628635,25.054410,3,,其他(無障礙客房)13200;,"餐廳,會議場所,咖啡廳,酒吧,宴會廳,健身房,無線網路,三溫暖,國民旅遊卡,停車場,無障礙客房,自助洗衣(收費),,,,洗衣服務,郵電服務,商務旅遊中心,貴重物品保管專櫃,接送服務,行動支付,穆斯林餐廳,哺乳室,AED,,,自行車友善旅宿",車位:小客車0輛、機車0輛、大客車0輛,214,16000,28000,0,service-xz@fortehotels.com.tw,509,0,1,1,0
C4_A15010000H_014776,謙商旅-東門館,位於東門捷運站‧東門郵局正上方，地處台北市中正區、大安區交界、捷運重點轉乘站，交通便利，在台北美食代表永康街、文化菁粹青田街交叉口，鄰近台北時尚潮流第一線東區，是為台北城區美食、文化、娛樂交匯的核心地帶。謙商旅‧東門館以清爽、簡約、舒適的風格，親切、貼心的服務，在知性與感性兼具的空間氛圍中，期望為您充實的旅途帶來最美好的一刻。,,臺北市中正區信義路二段163號,100,臺北市,中正區,886-2-23582520,886-2-23582500,A15010000H,http://www.chaiinhotel.com.tw,https://taiwan.taiwanstay.net.tw/twpic/147841.jpg?v=20250702,外觀,https://taiwan.taiwanstay.net.tw/twpic/205029.jpg?v=20250702,LOGO,https://taiwan.taiwanstay.net.tw/twpic/205030.jpg?v=20250702,餐廳,121.528927,25.034237,3,,單人房(無障礙客房)10880;單人房7880;單人房8880;單人房10880;雙人房10880;單人房13880;雙人房17880;雙人房17880;雙人房17880;雙人房20880;,"餐廳,會議場所,無線網路,國民旅遊卡,停車場,無障礙客房,自助洗衣(收費),上網電腦(免費),,,,洗衣服務,郵電服務,商務旅遊中心,接送服務,行動支付,,",車位:小客車8輛、機車0輛、大客車0輛,85,7880,20880,0,chaiinhotel163@gmail.com,170,0,,,8
C4_A15010000H_014997,富粧商務旅店,座落於台北市繁華的西門町商圈、交通便捷、距西門捷運站僅需８分鐘，西門町、電影街、電影主題館就在本飯店正前方，讓你擁抱西門鬧區的熱情，而龍山寺、總統府、２２８紀念公園、中正紀念堂、台北車站、華西街夜市散步可達。,,"臺北市萬華區康定路6,8號2-5樓",108,臺北市,萬華區,886-2-23711247,886-2-23316756,A15010000H,https://facebook.com/fuchanghotel.daisy,https://taiwan.taiwanstay.net.tw/twpic/4471.jpg?v=20250702,旅館外觀,https://taiwan.taiwanstay.net.tw/twpic/5575.jpg?v=20250702,旅館大廳,https://taiwan.taiwanstay.net.tw/twpic/22491.JPG?v=20250702,商務中心及咖啡廳,121.503120,25.045971,3,,套房2680;雙人房1880;雙人房1680;,"咖啡廳,有線網路,,,,商務旅遊中心,,",車位:小客車0輛、機車0輛、大客車0輛,28,1680,8880,0,h23711247@gmail.com,80,0,,,0
C4_A15010000H_015013,富康精彩旅店,位於新北市的旅富康精彩旅店距離捷運江子翠站只有五分鐘的路程，周邊鄰近板橋火車站及公車站，非常方便客人前往台北市購物娛樂。館內處處顯露低調而不凡的品味，是一個優雅，舒適，安全的現代商務旅店，擁有全新裝修，房間使用省電LED燈，獨立的空調系統，以及浴室節水設備，皆提供播放衛星頻道內容的 LCD 液晶電視和免費無線上網及免費瓶裝水、吹風機和保險箱。並擁有24小時櫃檯服務，也提供免費洗衣設施、旅遊諮詢等服務，讓您有溫馨酣暢的感受，充分擁有”回家 ”般的自在感受，相信富康是您旅遊或洽公的最好選擇。富康精彩旅店位於板橋江子翠捷運站附近，麥當勞隔壁、新北市議會斜對面，緊鄰各大商圈。不論是商務洽公或休閒觀光，富康精彩旅店都具備了其他地域功能性及交通便利性。館,,新北市板橋區文化路2段171號2至5樓,220,新北市,板橋區,886-2-22556336,886-2-22550188,A15010000H,http://www.hotelcolor.com.tw/,https://taiwan.taiwanstay.net.tw/twpic/31183.jpg?v=20250702,房間1,https://taiwan.taiwanstay.net.tw/twpic/42712.jpg?v=20250702,房間2,https://taiwan.taiwanstay.net.tw/twpic/269687.jpg?v=20250702,外觀,121.470317,25.027489,3,,,自行車友善旅宿,車位:小客車0輛、機車0輛、大客車0輛,24,5600,5600,0,hotelcolor@livemail.tw,56,0,,,0
C4_A15010000H_015051,礁溪老爺酒店,五星級評鑑 五年世界小型奢華飯店會員 礁溪老爺大酒店  聳立在五峰旗風景區、距離台北市50分鐘車程的礁溪老爺大酒店，後現代日式禪風結合宜蘭童玩意象，創造出簡約悠閒的空間，享受精緻服務、頂級渡假氛圍、當地文化活動及各種國際藝術表演，加上美人湯溫泉、堅持在地食材的岩波庭-宜蘭廚房，2011年更從引進日本盛行已久的運動創建「得天公園高爾夫球場」，提供更多元化的休閒服務，2012年榮獲天下金牌服務大賞國際觀光旅館與餐飲雙料冠軍，礁溪老爺已成為台灣頂級渡假飯店首選。,5,宜蘭縣礁溪鄉大忠村五峰路69號、69-1號,262,宜蘭縣,礁溪鄉,886-3-9886288,886-3-988-9058,A15010000H,http://www.hotelroyal.com.tw/chiaohsi/,https://taiwan.taiwanstay.net.tw/twpic/259.jpg?v=20250702,,https://taiwan.taiwanstay.net.tw/twpic/6655.JPG?v=20250702,,https://taiwan.taiwanstay.net.tw/twpic/12803.JPG?v=20250702,,121.757031,24.827435,1,,其他33800;雙人房64800;雙人房27800;雙人房48800;雙人房(無障礙客房)26800;套房44800;其他32800;套房46800;套房36800;,"餐廳,會議場所,咖啡廳,酒吧,宴會廳,健身房,商店,游泳池,有線網路,停車場,高齡房,,,,兒童遊樂設施,洗衣服務,商務旅遊中心,各式球場,室內遊樂設施,接送服務,自行車租借,導覽解說,體驗活動,外幣兌換,,",車位:小客車180輛、機車220輛、大客車16輛,198,26800,64800,1,service@ch.hotelroyal.com.tw,396,0,3,2,416
C4_A15010000H_015153,同一大飯店,台北同一大飯店，位於台北市中山區，近晴光市場、忠烈祠、行天宮等名勝古蹟。交通便利、停車方便，可南來北往，無論是遊覽、購物或商務洽公、住宿，統一大飯店是您的最佳選擇。　同一大飯店有寛大舒適的客房，本著人性化服務的專業與熱誠客房的規劃與熱誠，客房的規劃與設計皆以顧客的需求為出發點，提供顧客最舒適的住房環境。　同一大飯店具備交通部觀光局合法旅館執照及台北市消防安全設施評定合格檢定，保障所有蒞臨旅客的安全保障，地下二層備有免費停車場，鄰近捷運蘆洲線【中山國小】站，步行3分鐘。統一大飯店更秉持【貼心服務、以客為尊】為最高行為準則，適合休憩旅遊及洽公，住宿安全、交通便捷是商務旅遊住宿台北的尊貴選擇。,3,臺北市中山區農安街36號3-10樓,104,臺北市,中山區,886-2-25923977,886-2-25923970,A15010000H,https://www.mastripms.com/unitehotel/view,https://taiwan.taiwanstay.net.tw/twpic/116091.jpg?v=20250702,迎賓大廳,https://taiwan.taiwanstay.net.tw/twpic/116092.jpg?v=20250702,餐廳,https://taiwan.taiwanstay.net.tw/twpic/217528.jpg?v=20250702,標準雙人房,121.526989,25.064778,3,,雙人房(無障礙客房)5000;,"會議場所,咖啡廳,有線網路,無線網路,無障礙客房,上網電腦(免費),,,,商務旅遊中心,,",車位:小客車10輛、機車0輛、大客車0輛,95,9800,11800,1,unitehotel@gmail.com,241,0,,,10
C4_A15010000H_015563,東京國際飯店,『東京國際飯店』坐落於台北市中山區長春路上，走進『東京』服務團隊親切陽光般的笑容，熱情溫馨的態度，讓人馬上忘卻旅途中的疲憊，一股輕鬆自在的氛圍在四周圍繞，大器寬敞的迎賓大廳、蘊藏溫潤質感的用餐空間、風格優雅溫馨的客房、體貼入微的服務設備，處處皆看得到我們的用心與巧思。 『體貼、溫馨、自在、舒適』是東京國際飯店始終秉持的信念，以達到讓旅客獲得貼心入微的服務為目標，這樣的專業堅持在您每ㄧ次的到訪獲得了肯定。『東京國際飯店』絕對是您旅行或是洽公行程中休憩的最佳選擇。,,臺北市中山區長春路39號2-6樓,104,臺北市,中山區,886-2-25643733,886-2-25637992,A15010000H,http://www.tokyohotel.com.tw/,https://taiwan.taiwanstay.net.tw/twpic/5507.jpg?v=20250702,大廳,https://taiwan.taiwanstay.net.tw/twpic/11353.JPG?v=20250702,外觀,https://taiwan.taiwanstay.net.tw/twpic/36595.JPG?v=20250702,咖啡廳,121.525916,25.055042,3,,雙人房3620;套房6000;單人房3380;雙人房4400;,"餐廳,會議場所,咖啡廳,健身房,有線網路,,,,洗衣服務,商務旅遊中心,,",車位:小客車0輛、機車0輛、大客車0輛,43,3600,9000,0,tokyo.hotels@msa.hinet.net,94,0,,,0
C4_A15010000H_016087,捷絲旅西門町店,「捷絲旅台北西門館」鄰近繁華、熱鬧的西門町商圈，旅人可輕鬆暢遊台北市最具歷史故事的景點，體驗台味新潮文化之餘，亦可品嘗道地美食。,,臺北市中正區中華路一段41號5-9樓,100,臺北市,中正區,886-2-23709000,886-2-23709969,A15010000H,http://www.justsleep.com.tw/,https://taiwan.taiwanstay.net.tw/twpic/67711.jpg?v=20250702,外觀,https://taiwan.taiwanstay.net.tw/twpic/67712.jpg?v=20250702,Logo,https://taiwan.taiwanstay.net.tw/twpic/104154.png?v=20250702,breakfast area,121.509514,25.044857,3,,雙人房8800;雙人房7700;雙人房7700;其他(無障礙客房)7700;,"餐廳,咖啡廳,健身房,無線網路,國民旅遊卡,停車場,無障礙客房,自助洗衣(免費),上網電腦(免費),,,,洗衣服務,郵電服務,商務旅遊中心,接送服務,行動支付,外幣兌換,,,自行車友善旅宿",車位:小客車0輛、機車0輛、大客車0輛,143,3200,10120,0,RSVN@justsleep.com.tw,374,0,,,0
C4_A15010000H_016472,智慧環境會館-菁山遊憩區,於陽明山區七星山下，與紗帽山相望的菁山遊憩區，在陽明山國家公園的重新規劃下，成為北市極為難得的渡假聖地。經過1年多的整修後重新開幕，整個園區煥然一新，6公頃的園區提供了獨棟別墅、景觀湯屋、景觀咖啡、桌菜宴會、豪華露營、環境教育課程與親子Diy及攀樹活動等，非常適合三五好友及親子全家出遊。  　　園區的餐點以浙江菜聞名，由五星名廚主廚團隊掌勺，搭配陽明山在地食材，設計出精緻豪華的合菜料理及在地養生的精緻料理。近期更推出西式料理滿足不同年齡層的味蕾。當然也少不了精緻美味的下午茶蛋糕，享用餐飲之餘，還可遠眺紗帽山、七星山、觀音山等美景，賞花賞鳥賞夕陽。　　相較於台北市區炎熱氣候，位於海拔600公尺高度的園區，氣溫低了約4~5℃舒適宜人。獨特的地理環境孕育了豐富的生態資源，最適合自然環境課程及戶外探索及攀樹活動，放鬆之餘還能充實自我。　　工作之餘漫步在大自然的山林步道，左右伴隨著蟬鳴鳥叫，不時還可見到成群的台灣藍鵲互相爭豔啁啾，或是松鼠出來散步覓食，陽明山菁山遊憩區可說是大台北市最近最舒活的世外桃源。,,臺北市士林區菁山路101巷71弄16號,111,臺北市,士林區,886-2-28625116,886-2-2862-2016,A15010000H,http://www.star-fountain.com,https://taiwan.taiwanstay.net.tw/twpic/103617.jpg?v=20250702,小木屋,https://taiwan.taiwanstay.net.tw/twpic/103618.jpg?v=20250702,湯屋風呂,,,121.559139,25.153750,3,,,"餐廳,會議場所,咖啡廳,無線網路,停車場,高齡房,溫泉設施,無障礙客房,,,,導覽解說,體驗活動,哺乳室,AED,寵物友善旅宿,,,自行車友善旅宿",車位:小客車37輛、機車0輛、大客車0輛,17,3500,10000,0,starfountain2016@gmail.com,144,0,0,0,37
C4_A15010000H_016487,福容徠旅 林口,福容徠旅 林口座落於新北市林口與桃園龜山的交界，緊鄰北台灣科技核心－華亞園區及醫療生技重鎮－林口長庚醫院，距台北市區僅20分鐘車程，至桃園國際機場亦僅需25分鐘，交通動線便捷，不論是商務洽公、市區購物或觀光旅遊，均能迅速抵達，是商務科技人士住宿、餐飲、會議的最佳選擇。飯店已於飯店內設有完善的健身設施及男、女三溫暖，讓您旅遊及商務之餘，能擁有最佳抒放身心之休閒空間。提供免費寬頻上網服務，傳真掃描及影印並安排訓練有素、親切貼心的服務人員，並提供各項商務工作資訊，讓旅客於停留期間內，縮短時效並有效率的輕鬆完成工作。提供中、西式吵餐餐飲服務，擁有星級主廚精湛手藝，貼心的用餐空間，及客製化創意料理融入當季食材，符合您追求精緻的品味與身分。在此誠摯邀請您一同進入豐富多元美饕世界。 2012年榮獲觀光局4星級旅館評鑑肯定，飯店擁有貼心的服務人員隨時好整以暇，以可掬笑意迎接優雅品味的福容貴賓。,,桃園市龜山區文二一街68號,333,桃園市,龜山區,886-3-3279388,886-3-3279258,A15010000H,https://www.fullon-hotels.com.tw/fullon-poshtels/lk/tw/,https://taiwan.taiwanstay.net.tw/twpic/228155.jpg?v=20250702,照片,https://taiwan.taiwanstay.net.tw/twpic/228157.jpg?v=20250702,照片,https://taiwan.taiwanstay.net.tw/twpic/228160.jpg?v=20250702,照片,121.362595,25.060993,2,,雙人房8800;雙人房15400;雙人房(無障礙客房)14000;套房12100;套房11000;雙人房9900;套房22000;,"會議場所,健身房,無線網路,三溫暖,國民旅遊卡,停車場,無障礙客房,自助洗衣(收費),行動支付,AED,自行車友善旅宿",車位:小客車79輛、機車10輛、大客車0輛,149,8800,22000,0,rsvn2_lk@fullon-poshtels.com.tw,298,0,,,89
C4_A15010000H_016534,旅樂序精品旅館,"旅樂序…貼心為您顧及身心靈的釋放，提供舒適溫暖的休憩空間，輕鬆徒步即到交通站的便捷樞紐， 為每一段旅程帶來結實累累的成果與美麗的詩篇，展開旅樂無窮的序章。旅樂序 由一群熱愛台灣、藝術，充滿服務熱誠，專精於設計，行銷的菁英團隊組成，成員都接受了嚴格的訓練並提供高品質的服務，為旅客提供最便捷舒適的休憩空間，以期達到您的滿意與推薦！旅樂序 從2013年五月 開始運營, 集結高人氣訂房與年年都獲獎的優秀成績, 目前已經有四個館別, 且四個館徒步2~5分鐘內都可抵達。站前一館位於台北市館前路和開封街口; 站前二館三館五館都緊鄰二分鐘徒步距離 地處於台北市中心每日達數十萬人次的台北車站前，新光三越百貨旁，購物、飲食、交通非常便利。近鄰台鐵、高速鐵路、台北捷運、桃園機場捷運、客運、公車的交通樞紐位置。徒步到京站廣場8分鐘,西鄰西門町可徒步15分鐘或一站捷運。距離繁華東區商圈只有8分鐘捷運車程，知名景點中正紀念堂僅兩站，距離桃園國際機場45分鐘車程。交通四通八達，十分便利。",,臺北市中正區館前路8號10樓、11樓,100,臺北市,中正區,886-2-23832727,886-2-23832772,A15010000H,http://www.hotelrelaxclub.com,https://taiwan.taiwanstay.net.tw/twpic/103772.jpg?v=20250702,,https://taiwan.taiwanstay.net.tw/twpic/103794.jpg?v=20250702,,https://taiwan.taiwanstay.net.tw/twpic/103793.jpg?v=20250702,,121.514714,25.046026,3,,,"無線網路,國民旅遊卡,自助洗衣(收費),,,,洗衣服務,貴重物品保管專櫃,行動支付,導覽解說,,,自行車友善旅宿",車位:小客車0輛、機車0輛、大客車0輛,34,5800,7800,0,contact@hotelrelaxclub.com,85,0,,,0
C4_A15010000H_016579,一九一旅店桃園店,位於桃園市的旅館191旅館距離桃園站僅5分鐘步行路程，提供舒適的住宿。所有區域均覆蓋免費WiFi。飯店地理位置便利，可輕鬆前往遠東百貨、同林百貨和新光三越等多家百貨公司。191飯店距離虎頭山公園13分鐘車程。新北市鶯歌陶瓷博物館和桃園機場均有25分鐘車程。搭乘火車30分鐘即可抵達台北市。每間舒適的客房均配有空調、電熱水壺、冰箱和平面有線電視。私人衛浴內附淋浴、免費盥洗用品和吹風機。飯店設有提供行李寄存服務的24小時接待櫃檯。飯店提供傳真和影印服務。客人可以在飯店內享用咖啡和茶，每層樓均設有投幣式洗衣機,,桃園市桃園區中華路12之4號5樓,330,桃園市,桃園區,886-3-3336767,886-3-3336707,A15010000H,,https://taiwan.taiwanstay.net.tw/twpic/18216.JPG?v=20250702,Lobby大廳櫃台,,,,,121.311284,24.991332,3,,,"無線網路,自助洗衣(收費),,,,",車位:小客車0輛、機車0輛、大客車0輛,47,6800,12800,0,191hotel2@gmail.com,107,0,,,0
C4_A15010000H_016640,礁溪昀居渡假別墅,起源於想照顧家族的念頭而新建了生平第一棟房子，因為熱心分享房間轉變成經營民宿，鐘爸親手種植的早餐菜、早餐鐘媽堅持自己下廚做給客人吃，這些都是把旅人都當做自己家人一般照顧！來到離市區五分鐘的稻畝中央，感受遠離煩囂的美好，隨性騎著腳踏車出走，領略四季更迭的美麗。 承蒙電視台青睞來此取景拍攝，中視MIT台灣誌採訪，台北市政府宣導影片取景拍攝。,,宜蘭縣礁溪鄉德陽村興農路291巷25號,262,宜蘭縣,礁溪鄉,886-937-853151,886-3-9880922,A15010000H,http://www.yunju.com.tw/,https://taiwan.taiwanstay.net.tw/twpic/23505.jpg?v=20250702,客廳,https://taiwan.taiwanstay.net.tw/twpic/28269.JPG?v=20250702,外觀,https://taiwan.taiwanstay.net.tw/twpic/28689.jpg?v=20250702,,121.780223,24.818823,4,,雙人房3000;雙人房4600;雙人房4300;雙人房3500;,"有線網路,國民旅遊卡,停車場,溫泉設施,,,,自行車租借,,",車位:小客車0輛、機車0輛、大客車0輛,5,4000,6200,1,sunhouse91@gmail.com,22,0,,,0
C4_A15010000H_017020,壹零壹艾美琪旅店,101 艾美琪旅店六星級背包客位於台北最熱門的購物區，距離捷運忠孝復興站 2 分鐘步行路程。所有客房均提供免費 WiFi 。101 艾美琪旅店六星級背包客距離台北市建國假日玉市和花市與熱鬧的遼寧夜市皆為 700 公尺，距離台北 101 大樓 8 分鐘計程車車程，距離西門町與台北車站約 10 分鐘地鐵車程，距離桃園國際機 45 分鐘車程。每間客房或宿舍房均採現代與古典風格裝潢，配有辦公桌、保險箱和可收看有線頻道的平面電視等設施。衛浴提供淋浴設施、吹風機以及洗髮精與沐浴乳。,,臺北市大安區復興南路一段126巷1號4樓,106,臺北市,大安區,886-2-27728101,886-2-27720586,A15010000H,http://www.101amicihotels.com/,https://taiwan.taiwanstay.net.tw/twpic/34381.jpg?v=20250702,大廳,https://taiwan.taiwanstay.net.tw/twpic/1445.jpg?v=20250702,景觀客房,https://taiwan.taiwanstay.net.tw/twpic/18370.jpg?v=20250702,背包客房,121.543195,25.043132,3,,,"無線網路,國民旅遊卡,自助洗衣(收費),,,,",車位:小客車0輛、機車0輛、大客車0輛,36,18000,28800,0,service@101amicihotels.com,68,0,0,0,0
C4_A15010000H_017335,豪爵旅館,『豪爵飯店』位於台北市松江交流道附近，鄰近捷運中山國小站、行天宮站、桃園國際機場接駁巴士站以及松山機場，便捷的交通網路，是您旅行、洽公途中的最佳休憩地點選擇。   走進豪爵飯店，朗朗白淨、清雅宜人的大廳展現出簡潔俐落的設計風格，淡雅舒適的完善規劃、親切熱心的服務人員、溫馨體貼的周到服務，引領著您展開滿意的住宿時光。   讓我們以最誠摯的心，歡迎您每ㄧ次的到來，置身在豪爵飯店，您將擁有最體貼入微的服務，您將感受到飯店專業團隊所傳達的用心與貼心，從這一刻開始，您將深深體驗到最賓至如歸的住宿享受。,,臺北市中山區吉林路379巷20號1至7樓及20之1號2樓至7樓、德惠街170巷24號1樓,104,臺北市,中山區,886-2-25942977,886-2-25942976,A15010000H,http://www.metro-hotel.tw/,https://taiwan.taiwanstay.net.tw/twpic/15589.JPG?v=20250702,房間1,https://taiwan.taiwanstay.net.tw/twpic/18436.JPG?v=20250702,房間2,https://taiwan.taiwanstay.net.tw/twpic/44480.JPG?v=20250702,房間3,121.531541,25.065192,3,,雙人房(無障礙客房)6200;雙人房0;,"會議場所,咖啡廳,有線網路,無線網路,國民旅遊卡,停車場,無障礙客房,,,,洗衣服務,郵電服務,商務旅遊中心,貴重物品保管專櫃,接送服務,,,自行車友善旅宿",車位:小客車0輛、機車0輛、大客車0輛,53,1780,6200,0,metrohotel24@gmail.com,178,0,,,0
C4_A15010000H_017777,東姿商務旅館,座落於繁華的台北市都會中心松江路、南京東路四平街商圈，99年11月起蘆洲、新莊線至松江、南京站8號出口左轉四平街即抵達東姿。 結合金融、美食、購物、娛樂、洽公、都會休閒所形成的文化特色，不但交通便利， 對面即是北市評選環境最優的一江公園，在繁忙的都市叢林中， 為您隔絕都巿裡沸騰的喧囂， 鬧中取靜、綠意盎然。 絕對是您下榻台北洽商、旅遊的最佳選擇。堅持服務與用心是 東姿商務旅館 對顧客的承諾。店內 消防設施及公共安全設備皆經市府評定合格，定期檢修保養，領有合法營業執照，並通過市政府交通局『安全、安靜、乾淨』三安優質住宿旅館。,,臺北市中山區一江街33號1-4樓,104,臺北市,中山區,886-2-25638866,886-2-25631998,A15010000H,http://www.easternbeauty.tw,https://taiwan.taiwanstay.net.tw/twpic/12219.jpg?v=20250702,房間2,https://taiwan.taiwanstay.net.tw/twpic/19313.jpg?v=20250702,餐廳,https://taiwan.taiwanstay.net.tw/twpic/20827.jpg?v=20250702,櫃台,121.531636,25.053507,3,,其他4000;雙人房3700;雙人房4000;雙人房3300;,"有線網路,停車場,,,,",車位:小客車0輛、機車0輛、大客車0輛,29,5400,7500,0,service@easternbeauty.tw,80,0,,,0
C4_A15010000H_018413,凱旋酒店,凱旋酒店坐落於台北市內湖科學園區、江南街商圈鄰近大直美麗華商圈、松山機場及南港展覽館凱撒飯店連鎖旗下第5個品牌、第8家飯店延續凱撒集團連鎖高品質、高規格、高專業的飯店服務全館88 間客房，以愛麗絲夢遊仙境及馬可波羅遊記為主題風格設計打造台北內湖最適合旅人住宿的精品商務酒店 !,,臺北市內湖區江南街55號3樓、9樓,114,臺北市,內湖區,886-2-87527888,886-2-87527889,A15010000H,http://www.justpalacehotel.com.tw,https://taiwan.taiwanstay.net.tw/twpic/68881.jpg?v=20250702,,https://taiwan.taiwanstay.net.tw/twpic/68882.jpg?v=20250702,大廳,https://taiwan.taiwanstay.net.tw/twpic/69207.jpg?v=20250702,大廳_1,121.577796,25.077390,3,,單人房8800;雙人房9800;雙人房15800;其他15800;套房22800;套房38800;雙人房12800;,"會議場所,健身房,無線網路,國民旅遊卡,停車場,無障礙客房,,,,洗衣服務,AED,外幣兌換,,",車位:小客車81輛、機車0輛、大客車0輛,88,8800,38800,0,fo@justpalacehotel.com.tw,257,0,,,81
C4_A15010000H_018425,星空海藍大飯店,本公司為朝麗旅館管理顧問有限公司，民國76年創立於台北市，由經驗豐富的董事長陳振興先生親自創辦，是一家經營豐富之旅館、餐飲經營管理公司，於101年在阿里山園區開幕落成【朝麗阿里山賓館】五星級觀光飯店，秉持著用心、貼心來服務每一位入住的賓客之精神，建立了良好的口碑、形象。 繼朝麗阿里山賓館，本公司又在選擇後山這擁有獨特天然的太魯閣國家公園、蔚藍美麗東海岸線的花蓮，建蓋花蓮分館【星空海藍大飯店】，本館獨特現代感的裝潢共有86間客房，緊鄰蔚藍太平洋海岸，使得飯店高樓層客房皆可面海景觀，成為一幕幕漂亮的幅畫、只要客房窗戶打開就可感受海風徐徐吹來、嗅到海的空氣氛圍，飯店地理位置距離花蓮市中心步行只要15分鐘，無論您要品嘗花蓮在地小吃、名產巡禮都非常便利，本公司提供每位入住旅客用心、貼心、小管家式客製化服務及行程，不管您是自行開車或搭車前來入住星空海藍飯店，用愉快放鬆的心情、我們將帶給您一個全新不同的住宿體驗與旅程，歡迎您們的蒞臨！,3,花蓮縣花蓮市主和里1鄰和平路217號,970,花蓮縣,花蓮市,886-3-8325788,886-3-8315833,A15010000H,http://shinyoceanhotel.com,https://taiwan.taiwanstay.net.tw/twpic/26585.jpg?v=20250702,飯店外觀,https://taiwan.taiwanstay.net.tw/twpic/47877.jpg?v=20250702,簡報室,,,121.605967,23.970606,3,,套房10000;套房9500;,,車位:小客車18輛、機車0輛、大客車0輛,85,5800,11000,1,sohotel@shinyoceanhotel.com,247,0,,,18
C4_A15010000H_018912,義華酒店,位於臺北市的觀光旅館，客房可遠眺台北市市容，啟動房內的電動窗簾即可將絕美的基隆河河景濱美景、台北都會天際線，及台北101美景盡收眼底！客房採「浴室到臥房無隔間」的全開放動線，寬敞方正的格局設計，配用近百年歷史的英國名床品牌「斯林白蘭」暖色調燈光及大器木質地板，配合窗外無敵景觀，營造全面放送的氛圍。另有提供高空早餐及咖啡廳，讓旅客可以徹底淨化身心，達到由內到外的徹底放鬆。,,臺北市中山區樂群二路197號,104,臺北市,中山區,886-2-85029988,886-2-21757926,A15010000H,http://www.yihuahotel.com.tw/,https://taiwan.taiwanstay.net.tw/twpic/76828.jpg?v=20250702,,,,,,121.558705,25.080055,2,,單人房23000;雙人房28000;雙人房38000;雙人房(無障礙客房)28000;套房66000;,"餐廳,會議場所,咖啡廳,健身房,游泳池,無線網路,停車場,無障礙客房,,,,貴重物品保管專櫃,行動支付,哺乳室,AED,,",車位:小客車145輛、機車0輛、大客車0輛,149,23000,66000,0,annie.chang@taipeimarriott.com.tw,298,0,,,145
C4_A15010000H_018991,景美大旅社,台北市衛生局公告「衛生自主管理」之合法優良旅館，房價物美價廉，離國家考場(考試院、滬江高中等)最近，步行可至國家考場，每逢考季，就有大量學子來電預訂房間，本館對面即是聞名全國的景美夜市，餐飲便利; 7-11超商、圖書館，全部路程不超過一分鐘;亦鄰近貓空纜車、指南茶路親山廊道、指南宮、仙跡岩親山廊道、木柵貓空茶園 、木柵動物園等熱門景點。交通方便: 自台北車站有多線公車可到達，亦可搭乘捷運新店線至景美站下車(捷運車程約15分鐘)由1號出口步行約2分鐘即可到達，對南北考生最為便利。  ~~~景美大旅社竭誠的邀請您的蒞臨~~~,,臺北市文山區景文街104號2-4樓,116,臺北市,文山區,886-2-29313788,886-2-29348585,A15010000H,,https://taiwan.taiwanstay.net.tw/twpic/1032.jpg?v=20250702,房間1,https://taiwan.taiwanstay.net.tw/twpic/6443.jpg?v=20250702,外觀,https://taiwan.taiwanstay.net.tw/twpic/8529.jpg?v=20250702,大廳或櫃檯,121.540905,24.990118,3,,雙人房1500;單人房1000;,"無線網路,,,,",車位:小客車0輛、機車0輛、大客車0輛,12,1000,1500,0,twlin@hotmail.com.tw,28,0,,,0
C4_A15010000H_019096,雅第三合院民宿,訂房專線：03-954-6377「開荒南野際 手拙歸田園；戶庭無塵雜 虛室有餘閒」-陶淵明的歸園田居，多麼令人嚮往的田園詩境，現在想要身歷古人田園情境，不再只能是夢裡尋覓的夢境或是發呆想像的畫面，只要從台北市花40分鐘來一趟宜蘭『雅第三合院民宿』，就能深刻體驗詩中田園風光和農家與世無爭生活。『雅第三合院民宿』擁有挑高寬敞的室內空間，現代化歐式廚房設備，溫暖舒適的客房環境，另外室外450坪的音樂花園，結合了BBQ烤肉區、有機開心農園、天然湧泉垂釣區、天然湧泉戲水池等，在『雅第三合院民宿』，讓人不自覺地抖掉一身都市裡的煩心塵埃，褪去疲憊與煩憂、放鬆心情聆聽大自然的聲音，品嘗一杯香醇咖啡、觀賞著天空不時來訪的候鳥，也讓生活在都市叢林的小朋友在『雅第三合院民宿』盡情自由奔跑嬉戲，享受親子間共同垂釣與烤肉的樂趣!隨著夜幕低垂...滿天的星斗降臨，更點綴著『雅第三合院民宿』的浪漫寧靜與優閒!!!,,宜蘭縣冬山鄉柯林村光華一路459號,269,宜蘭縣,冬山鄉,886-3-9546377,886-3-9531375,A15010000H,,https://taiwan.taiwanstay.net.tw/twpic/880.jpg?v=20250702,雅第烤肉區,https://taiwan.taiwanstay.net.tw/twpic/3407.jpg?v=20250702,雅第外觀照,https://taiwan.taiwanstay.net.tw/twpic/16259.jpg?v=20250702,雅第餐廳,121.729243,24.684642,4,,,"餐廳,無線網路,國民旅遊卡,停車場,高齡房,自助洗衣(免費),,,,兒童遊樂設施,自行車租借,導覽解說,體驗活動,素食餐廳,,",車位:小客車0輛、機車0輛、大客車0輛,3,1800,2500,1,sharonyu59@yahoo.com.tw,6,0,,,0
C4_A15010000H_019227,美麗信花園酒店,美麗信花園酒店地處台北市商業中心，位於市民大道與建國南路交叉口。兼備理性與感性的舒適氣度，自歐式典雅的建築外觀與現代摩登的廳堂陳設即令人為之亮眼。酒店以「待客如親，事事用心」信念用心規劃軟硬體服務，包含外圍匠心獨具的水藝花園、高聳巍峨的接待大廳；203間挑高寬敞的客房；2間餐廳及1間酒吧供應精緻的美饌佳餚；涵蓋頂級健身俱樂部的風格休憩設施；以及一流的商務會議服務，在在滿足渡假旅客的休閒享受與商務人士的沉靜需求。,,臺北市中山區市民大道三段83號,104,臺北市,中山區,886-2-87728800,886-2-87721010,A15010000H,http://www.miramargarden.com.tw,https://taiwan.taiwanstay.net.tw/twpic/31475.JPG?v=20250702,大廳,https://taiwan.taiwanstay.net.tw/twpic/50432.jpg?v=20250702,外觀,https://taiwan.taiwanstay.net.tw/twpic/91539.jpg?v=20250702,游泳池,121.537226,25.045041,1,,雙人房25300;雙人房27500;雙人房19800;其他26400;雙人房26400;雙人房(無障礙客房)11000;套房33000;套房38500;其他23100;套房99000;套房99000;,"餐廳,會議場所,咖啡廳,酒吧,宴會廳,健身房,商店,游泳池,有線網路,無線網路,三溫暖,停車場,無障礙客房,,,,洗衣服務,商務旅遊中心,貴重物品保管專櫃,接送服務,哺乳室,AED,外幣兌換,,",車位:小客車131輛、機車158輛、大客車6輛,203,11000,99000,0,info@miramargarden.com.tw,406,0,,,295
C4_A15010000H_019399,台北文華東方酒店,台北文華東方酒店座落於台北市繁華商業中心與人文薈萃的敦化北路，壯麗的外觀建築充滿歐式風格，豪華精緻的設計，是台北市最著名地標之一。酒店擁有全台北市國際星級酒店中最寬敞的客房，303間品味卓絕的客房與套房，以古典雅致融合當代風格的設計理念，提供貴賓極致奢華與舒適的住宿空間。6間風格獨具的餐廳與酒吧，提供創新細緻的豪華美饌；佔地寬廣、極具規模的芳療中心引進集團屢獲殊榮的芳療概念，提供賓客完整的經典療程。此外，氣派非凡的會議及宴會場地，為所有會議活動提供圓滿成功、無與倫比的極致體驗。,,臺北市松山區敦化北路158號B3-14樓,105,臺北市,松山區,886-2-27156888,886-2-27156699,A15010000H,http://mandarinoriental.com,https://taiwan.taiwanstay.net.tw/twpic/16496.jpg?v=20250702,,https://taiwan.taiwanstay.net.tw/twpic/38205.jpg?v=20250702,,https://taiwan.taiwanstay.net.tw/twpic/260960.jpg?v=20250702,客房照片,121.548378,25.055434,3,,單人房(無障礙客房)0;,"餐廳,會議場所,酒吧,宴會廳,健身房,游泳池,有線網路,無線網路,停車場,無障礙客房,,,,洗衣服務,美容室,接送服務,外幣兌換,,",車位:小客車0輛、機車0輛、大客車0輛,303,39850,693000,0,motpe-sales@mohg.com,909,0,,,0
C4_A15010000H_019638,台北中山意舍酒店,"位在台北市中心中山北路二段與長春路口交叉處旁5分鐘步行即可抵達捷運中山站, 出口3或4號出口(電扶梯）5分鐘車程或一站的捷運即可抵達台北車站10分鐘車程即可抵達西門町15分鐘車程可抵達臺北松山機場20分鐘車程可抵達台北101/台北世界貿易中心40分鐘車程可抵達台灣桃園國際機場",,臺北市中山區中山北路二段57之1號1至8樓,104,臺北市,中山區,886-2-25652828,886-2-25652838,A15010000H,http://www.amba-hotels.com/tc/zhongshan/,https://taiwan.taiwanstay.net.tw/twpic/126101.jpg?v=20250702,"台北中山意舍酒店位於中山北路二段與長春路口交叉處旁, 距離捷運中山站或雙連站僅約5分鐘步行路程",https://taiwan.taiwanstay.net.tw/twpic/126134.jpg?v=20250702,台北中山意舍酒店amba Taipei Zhongshan,https://taiwan.taiwanstay.net.tw/twpic/126135.jpg?v=20250702,台北中山意舍酒店: 陽台房amba Taipei Zhongshan: Balcony Room,121.522909,25.055549,3,,雙人房8000;雙人房9000;雙人房(無障礙客房)8000;雙人房10000;雙人房11000;雙人房12000;雙人房(無障礙客房)9000;,"餐廳,會議場所,咖啡廳,酒吧,宴會廳,有線網路,無線網路,國民旅遊卡,停車場,高齡房,無障礙客房,自助洗衣(免費),,,,洗衣服務,郵電服務,接送服務,行動支付,外幣兌換,,,自行車友善旅宿",車位:小客車6輛、機車6輛、大客車0輛,90,5100,15500,0,zhongshan@amba-hotels.com,180,0,,,12
C4_A15010000H_019713,台北宿之酒店．臻品之選,宿之酒店位於台北市樞紐 - 西門町提供空間寬敞、具有設計感的精緻客房總房數共87間的低調奢華精緻客房，包括三間頂級套房。期望賓客在寧靜、絕美、浪漫氛圍中，滌盡身心靈疲憊全然舒適放鬆於匿藏塵市裡的秘密基地客房以優雅素淨的設計線條搭配義大利進口瓷磚與黑檜木的設計基底帶出低調奢華又不失品味的高貴氛圍讓每一個遠道而來的賓客能在舒適、靜謐的空間中褪去一日的疲勞、盡情放鬆 !,,臺北市萬華區環河南路一段51號2至14樓,108,臺北市,萬華區,886-2-23755511,886-2-7711,A15010000H,https://www.suz.mobi/,https://taiwan.taiwanstay.net.tw/twpic/82243.jpg?v=20250702,,https://taiwan.taiwanstay.net.tw/twpic/82244.jpg?v=20250702,,https://taiwan.taiwanstay.net.tw/twpic/82245.jpg?v=20250702,,121.502629,25.045535,3,,,"餐廳,會議場所,咖啡廳,酒吧,健身房,有線網路,無線網路,國民旅遊卡,停車場,無障礙客房,,,,洗衣服務,商務旅遊中心,接送服務,穆斯林餐廳,AED,外幣兌換,,",車位:小客車38輛、機車21輛、大客車1輛,87,30000,80000,0,guest@suz.mobi,180,0,0,0,60
C4_A15010000H_019740,楓の微笑會館,"我們位於台北市陽明山福田園休閒農場內,海拔400多公尺,溪流與楓樹環繞,是一個生態豐富自然的好地方,園區與自然平等共存所以不噴撒任何農藥,讓您可以安心近距離接觸自然生態!開車距離文化大學約10分鐘距離士林夜市約30分鐘,旁邊有303公車可到,叫計程車也方便,享受自然清靜卻不用遠離城市,歡迎您來!我們也提供包棟服務,加床後可住20人!適合公司主管和大家庭旅遊或好朋友出遊包棟開會呦!",,臺北市士林區菁山里菁山路131巷18之1號,111,臺北市,士林區,886-2-28622145,886-2-28622149,A15010000H,http://www.2ftv.com.tw,https://taiwan.taiwanstay.net.tw/twpic/3555.JPG?v=20250702,民宿外觀,https://taiwan.taiwanstay.net.tw/twpic/15795.jpg?v=20250702,房型1,https://taiwan.taiwanstay.net.tw/twpic/16245.jpg?v=20250702,房型2,121.568915,25.144807,4,,雙人房(無障礙客房)15000;雙人房(無障礙客房)18000;,"餐廳,會議場所,咖啡廳,無線網路,國民旅遊卡,停車場,高齡房,,,導覽解說,體驗活動,",車位:小客車0輛、機車0輛、大客車5輛,5,18000,18000,1,futian.village@gmail.com,10,0,1,1,5
C4_A15010000H_020025,漢普頓酒店,漢普頓酒店HAMP COURT PALACE為歐洲宮廷風格設計，建築外觀以維多利亞時期建築風格的磚紅色外牆，打造極具富麗堂皇、宮廷貴族般的住宿品味，是台北市飯店中少有的巴洛克式住宿氛圍。漢普頓酒店HAMP COURT PALACE提供貼心細緻及溫暖的服務，酒店座落於市中心繁華地段，絕佳地理位置，滿足旅客在商務、旅遊上的便利交通需求!漢普頓酒店HAMP COURT PALACE的品牌標誌以歐洲皇室家徽，搭配來自希臘神話中展翅 「獅鷲獸」及象徵權力、榮耀、尊貴的皇冠， 彰顯出獨樹一幟的尊榮感，完美打造貴族般華 麗優雅的氛圍，漢普頓酒店期待以現代的貴族 服務優雅接待每一位旅客!,,臺北市中山區建國北路2段7號,104,臺北市,中山區,886-2-25069696,886-2-25060303,A15010000H,https://www.hcpt.com.tw/,https://taiwan.taiwanstay.net.tw/twpic/186632.png?v=20250702,飯店外觀,https://taiwan.taiwanstay.net.tw/twpic/147480.jpg?v=20250702,飯店大堂及外觀,https://taiwan.taiwanstay.net.tw/twpic/147479.jpg?v=20250702,飯店大堂及外觀,121.537239,25.053218,2,,雙人房12000;單人房12000;雙人房10780;雙人房10780;單人房(無障礙客房)12000;套房60000;套房60000;,"餐廳,會議場所,咖啡廳,宴會廳,健身房,有線網路,無線網路,國民旅遊卡,停車場,無障礙客房,,,,商務旅遊中心,行動支付,AED,,",車位:小客車150輛、機車30輛、大客車0輛,121,10780,60000,0,reservation@hcpt.com.tw,242,0,,,180
C4_A15010000H_020706,苓旅旅館中山館,旅館以當代藝術為設計主軸，搭配紅磚視覺，別樹一格的空間提供旅人一個舒適又活潑的休憩空間。比堤飯店位於商務黃金地段，不僅出差辦公便利、同時也在台北市重要觀光景點周邊，鄰近美食多樣豐富、文化特色多元呈現，是出差、旅行的絕佳選擇！床邊設置國際插座及USB孔，盡情充電、保持滿滿電力。無線網路穩定、快速，充分應付遠距辦公、上傳/下載檔案、觀看影片之流量，盡情上網不卡卡。木質地板搭配原木傢俱，營造質感的住宿氛圍。,,"臺北市中山區建國北路2段91號1樓,93號1至7樓,2樓-1至7樓-1,95巷2號1樓,4號1樓",104,臺北市,中山區,886-2-25084588,,A15010000H,,https://taiwan.taiwanstay.net.tw/twpic/186855.jpeg?v=20250702,雀躍雙人客房,https://taiwan.taiwanstay.net.tw/twpic/186856.jpg?v=20250702,雀躍雙床客房,https://taiwan.taiwanstay.net.tw/twpic/186857.jpeg?v=20250702,經典雙人客房,121.537580,25.058611,3,,雙人房5500;雙人房5600;,"無線網路,,,,",車位:小客車0輛、機車0輛、大客車0輛,42,3280,15000,0,lininntpzs@gmail.com,96,0,,,0
C4_A15010000H_020850,承攜行旅台北八德館,位於台北市中心,,臺北市松山區八德路四段213號1-7樓,105,臺北市,松山區,886-2-27425575,,A15010000H,,https://taiwan.taiwanstay.net.tw/twpic/186948.jpeg?v=20250702,承美雙人客房,https://taiwan.taiwanstay.net.tw/twpic/186949.jpg?v=20250702,承攜雙人客房,https://taiwan.taiwanstay.net.tw/twpic/186950.jpeg?v=20250702,承攜雙床客房,121.564132,25.049007,3,,雙人房(無障礙客房)8000;,"無線網路,無障礙客房,自助洗衣(免費),,,,",車位:小客車0輛、機車0輛、大客車0輛,76,12000,16000,0,una.chang@hotel.dunqian.tw,256,0,,,0
C4_A15010000H_021200,雀客旅館台北南京,城市的發展，充滿了對比與交融，新與舊、快與慢、繁華與靜謐，完整了台北的個性。雀客旅館台北南京位於中山區精華商務地段，在快節奏的台北市區裡，提供給旅人一個舒適且便利的休息環境。全館提供免費WIFI，飯店內共56間房共有4種不同房型。為了能提供更好的服務，除了基本房型外，我們還規劃了無障礙專用房，讓有此需求的朋友們也能享受到我們舒適環境體驗與專業服務。所以不論旅遊或洽公，入住雀客旅館台北南京絕對是您最好的選擇。看見台灣・品味台北如同這個城市的好主人一般，以熱誠的待客之道，傾注於專業的入住互動中，讓每一位入住的貴賓感受賓至如歸的體貼極致。,,臺北市中山區南京東路三段16號,104,臺北市,中山區,886-2-25161610,886-2-25162919,A15010000H,,https://taiwan.taiwanstay.net.tw/twpic/9331.jpg?v=20250702,在喧囂台北街頭，一間充滿藝文氣息的精品飯店--台北有園飯店U Hotel Taipei 即座落於此；踏入結合在地元素設計的大廳，迎面而來的是濃濃的藝術氛圍，輕音樂伴著飯店一樓 U Café 的咖啡香，外頭那些都市塵囂彷彿都被隔絕起來，沉靜的氛圍間，希望讓每一位旅人都能在此達到身心靈放鬆。入住時間 / Check In Time 15:00退房時間 / Check Out Time 12:00,https://taiwan.taiwanstay.net.tw/twpic/187024.jpg?v=20250702,雀躍雙人客房,https://taiwan.taiwanstay.net.tw/twpic/187030.jpg?v=20250702,經典雙人客房,121.537599,25.051740,2,,單人房20600;套房35200;單人房(無障礙客房)17600;單人房22000;單人房25300;雙人房30800;,"餐廳,會議場所,咖啡廳,有線網路,無線網路,國民旅遊卡,無障礙客房,,,,哺乳室,AED,,",車位:小客車3輛、機車0輛、大客車0輛,56,17600,35200,0,resv-tw@cnfantasia.com,112,0,,,3
C4_A15010000H_021453,台北碧瑤飯店,歷經三十年的傳承，台北碧瑤於2009年全新出發！有雅緻古典溫馨的氣氛及明燦現代時尚的空間，邀您一起細細品味在台北市都會中心那份喧鬧中的寧靜，提供給所有貴賓在忙碌步伐中悠閒的心情。另外備有餐廳、健身房、商務中心、會議室、洗衣間，以及mini-kitchen的服務，都希望能為所有光臨碧瑤的貴賓每天帶來歇息的享受與方便。現代的設備，故人的溫情，在在都是碧瑤體貼旅客的心意。不論您是耗盡體力盡興的旅遊者，還是絞盡腦力辛勤的工作者，竭誠邀請您光臨碧瑤體驗我們所有服務人員貼心的服務，也讓您感受到專屬於台灣濃厚的熱情。,,臺北市松山區八德路二段367號1-10樓,105,臺北市,松山區,886-2-27813121,886-2-27718796,A15010000H,http://www.hotelb.com.tw/,https://taiwan.taiwanstay.net.tw/twpic/1759.png?v=20250702,一大床 Single Room,https://taiwan.taiwanstay.net.tw/twpic/15315.png?v=20250702,會議室 Conference,https://taiwan.taiwanstay.net.tw/twpic/16011.png?v=20250702,兩小床 Twin Room,121.544764,25.047909,3,,單人房4500;套房6300;雙人房4900;單人房(無障礙客房)4500;,"餐廳,會議場所,健身房,無線網路,國民旅遊卡,無障礙客房,自助洗衣(免費),上網電腦(免費),,,,洗衣服務,郵電服務,商務旅遊中心,貴重物品保管專櫃,外幣兌換,,",車位:小客車0輛、機車0輛、大客車0輛,84,4300,7800,0,taipei.hotelb@gmail.com,186,0,,,0
C4_A15010000H_021510,米窩飯店-中山,臺北市合法旅館，通過安全、安靜、乾淨3安的優質住宿之旅館，堅持著遊子想回家的心情來經營，快快來體驗回家的感覺。 位於台北市中山北路精華路段，交通便利，生活機能充足，緊臨百貨商圈、夜市鬧區等，附近有美術館、兒童公園、行天宮、松山機場、中山婚紗街、大同大學、雙城夜市、晴光市場及晴光公園。不論是商務洽公或觀光旅遊，都是您最佳的旅宿選擇，專業用心的理念，為出門在外的您打造一個最優質的享受。是您旅遊、約會、商務最佳選擇。溫馨舒適的客房，提供您乾淨、舒適的住宿環境，旅店內設備裝修翻新，服務人員嚴格訓練，提供您有個貼心舒適的休息住宿環境。,,臺北市中山區中山北路二段183巷30、32號3樓,104,臺北市,中山區,886-2-25910183,886-2-25857762,A15010000H,,https://taiwan.taiwanstay.net.tw/twpic/123390.jpeg?v=20250702,,https://taiwan.taiwanstay.net.tw/twpic/123395.jpeg?v=20250702,大廳,https://taiwan.taiwanstay.net.tw/twpic/123389.jpeg?v=20250702,,121.524239,25.063678,3,,,"無線網路,國民旅遊卡,停車場,,,,,自行車友善旅宿",車位:小客車0輛、機車0輛、大客車0輛,13,5600,7200,0,wuclass1@gmail.com,32,0,,,0
C4_A15010000H_022621,雀客旅館新北蘆洲,F HOTEL台北蘆洲館座落於新北市蘆洲區，緊鄰徐匯廣場及徐匯中學捷運站，外觀建築以全白色系打造清新、舒適之都會型旅館，飯店擁有67間客房，各式房型寬敞舒適、設備齊全，另外還提供給旅人們經濟、實惠的背包客房型，均能符合每位旅客的不同需求；飯店距離捷運站只要步行1分鐘、高速公路三重交流道只要開車6分鐘，到台北市各旅遊景點交通便捷，便利的地緣性是您觀光旅遊及差旅洽公的首選，歡迎您來體驗舒適便捷的悠閒住宿時光！,,新北市蘆洲區集賢路409號2樓(1層)、3樓至9樓,247,新北市,蘆洲區,886-2-22892299,886-2-28472425,A15010000H,https://www.fhotels.com.tw,https://taiwan.taiwanstay.net.tw/twpic/93567.png?v=20250702,飯店外觀,,,,,121.480537,25.081309,3,,單人房3600;雙人房4800;雙人房4800;其他6600;其他6600;其他6600;雙人房(無障礙客房)4800;雙人房(無障礙客房)0;雙人房(無障礙客房)4800;,"咖啡廳,健身房,無線網路,國民旅遊卡,無障礙客房,自助洗衣(免費),,自行車友善旅宿",車位:小客車34輛、機車20輛、大客車0輛,82,7600,20800,0,fhotels2019@gmail.com,248,0,,,54
C4_A15010000H_025922,華達大飯店,華達大飯店位於台北市中心，距離台北車站僅有短短 6分鐘步行路程，提供機場接駁車服務（另外計費）以及涵蓋全館的免費無線網路。華達大飯店距離總統府約 5 分鐘步行路程，距離西門町 15 分鐘步行路程，距離桃園國際機場則為 28 公里。走路3秒鐘即是全球知名便利超商，5分鐘路程新光三越百貨公司，20分鐘路程到台北享譽盛名之寧夏夜市，豐富多元的美食和在地文化等待體驗發掘。住宿地點鬧中取靜，治安優良，交通四通八達，價格經濟信譽實惠。是外出小歇體驗台北的優質選項每間客房都採暖色裝潢，配備有線LED電視、電風扇和保險箱。獨立衛浴則配有浴缸和淋浴設施。飯店提供空調及電梯。24 小時櫃檯人員可為您提供行李寄存服務。飯店周邊用餐選擇多元豐富。此區為台北的人氣推薦區域,,臺北市中正區重慶南路一段1號6樓,100,臺北市,中正區,886-2-23110212,886-2-23142469,A15010000H,,https://taiwan.taiwanstay.net.tw/twpic/144769.jpg?v=20250702,精緻雙人房,,,,,121.513414,25.046881,3,,,"無線網路,,,,",車位:小客車0輛、機車0輛、大客車0輛,14,2000,4200,0,,0,0,,,0
C4_A15010000H_027202,美亞商旅,美亞商旅位於台北市中正區，地理位置優越，交通便捷，位處台鐵、高鐵、台北捷運、機場捷運與客運站，旅館共有264間客房六大房型，兼顧商務及休閒需求。館內設有 24 小時接待服務櫃檯，提供旅遊資訊諮詢、行李寄存等服務。 客房內設施有獨立空調、50吋液晶電視、冰箱、熱水壺、吹風機、衣櫃、桌椅、獨立衛浴乾濕分離設施、免治馬桶、和免費盥洗用品等，館內均有免費無限上網，24H交誼廳，自助洗衣間、熨燙設備、傳真機和影印機等商務設施。 旅館週邊景點有總統府、台北市中山堂、迪化街、寧夏夜市、大稻埕碼頭、西門町、中正紀念堂、台北植物園、龍山寺、台北101景觀台，住宿旅客可另外提供自費旅遊行程安排及付費機場接駁服務。,,臺北市中正區忠孝西路一段50號3樓至5樓及3樓之1至5樓之1,100,臺北市,中正區,886-2-23313001,886-2-23312889,A15010000H,http://www.mayerinn.com,https://taiwan.taiwanstay.net.tw/twpic/105547.jpg?v=20250702,,https://taiwan.taiwanstay.net.tw/twpic/105499.jpg?v=20250702,高級觀景房,,,121.515830,25.046222,3,,單人房(無障礙客房)15000;,"國民旅遊卡,停車場,無障礙客房,自助洗衣(免費),上網電腦(免費),,,,洗衣服務,接送服務,AED,,,自行車友善旅宿",車位:小客車0輛、機車0輛、大客車0輛,264,12000,24000,0,mayerinn2019@gmail.com,691,0,,,0
C4_A15010000H_028495,瑞絲逸旅店,瑞絲逸旅店位於台北市中山區精華地帶，長安東路和林森北路旁，距離捷運中山站步行只需數分鐘的時間。館內全新工業風的裝潢，軟硬適中的大床，讓您無論是旅途的小憩或是過夜，都能享有最乾淨舒適的享受。,,臺北市中山區林森北路96號2樓之1、之2,104,臺北市,中山區,886-2-25641372,,A15010000H,,,,,,,,121.524654,25.049972,3,,,"無線網路,無障礙客房,,,,",車位:小客車0輛、機車0輛、大客車0輛,9,1580,1580,0,,2,0,,,0
C4_A15010000H_031664,林口維多利亞民宿,本民宿的屋頂及門窗皆是用百年檜木建造的，民國23年落成，是當年蘆竹區最好的房子，也是當時代官員騎馬出差由淡水廳往桃園新竹方向走古道，休憩打尖的地方。屋主祖先輩為林口竹林山觀音寺創辦人之一，再遷居至此地。歷經時代變遷，此種房屋在台灣已經極為少見，門窗造型也類似淡水紅毛城，見證台灣88年前（民國23年）的生活軌跡和建築特色，是值得探訪的特色建築。現經維護整修設計，讓「特色老屋再現風華」！竭誠歡迎貴賓蒞臨體驗88年前的鄉村仕紳的居家生活，帶給您和家人親友滿滿的幸福回憶！1.家族歷史淵源西元1751年(雍正28年) 王家祖先第九世如寵公帶領三個兒子移居林口，於現今林口區東林里粉寮地區，墾地種植蕃薯，養家糊口，並將多餘的蕃薯研磨成粉供應至艋舺，苦心經營奠定基業，世代相傳，眾悉王厝草寮即是王家磨坊之處，也是林口粉寮地名的由來。至十一世宗順公遷居至蘆竹庄坑子赤塗崎497蕃地，四子自立門戶，購置土地種植水稻及茶葉，建立家園及擴大家族產業，並且擔任保正，熱心公益及地方事務；民國38年林口竹林山觀音寺創辦人之一王金生，即是先祖父王傳立的堂兄。本民宿英式維多利亞風格建築是先祖父王傳立先生擔任無盡會社社長時，於日治時代昭和九年(民國23年)委託楊阿虎建築師設計並興建完成，呈現當時日式與歐式的融合特色，做為其經營家族事業，親近鄰里及家人之居所。在鼎盛時期，屋內曾居住有四戶家庭，男女老少共二十餘人，相當熱鬧，屋主亦有保存相關照片，未來可作為展覽之素材。王家祖厝傳承至今已88年仍屹立不搖，歷經地震亦未見牆壁有裂痕，見證當年鄉村仕紳的生活，充滿各式各樣的生命故事，且此型式的建築在台灣大多數因都市建設被拆除，目前是具有特色之建築。2.老屋建築特色「林口維多利亞民宿」由王先生的祖父建造，完工於民國23年，時值日治時期昭和9年。當時日本致力於西化運動，仿效歐美先進國家成為時尚風潮，此種融合日本及英國家居風格的歐風日式建築，在當時頗為流行，與台北市金華街的行政院院長官邸頗類似，在現今的日本及義大利的鄉間也尚存有類似的建築樣式，此類型的房屋建築在台灣因年代已久，能夠完整保留至今已很稀少。本建築材料使用百年檜木做屋頂及主要支柱，另輔以加強磚造結構，承重牆主要是由兩塊磚造，可以抵消地震的力道，雖已使用88年，仍是堅固耐用、冬暖夏涼。建築物外部配上外國進口的英式木製門窗設計，採上下拉窗形式，造型獨特，窗戶高度相較台灣常見規格尺寸更高，使得室內各處空氣流通、光線充足。而門扉規格亦有所不同，與現今常見的門扉相較之下比例較短，且處於建物不同位置的門扉有高低之分，展現建築物空間的不同層級，如此有別於台灣日常建築的空間體驗，非常具有特色。3.位處生態豐富的大自然中本建築位於坑子里的赤塗崎，是桃園最先有人居住生活的地區之一，但本地區的大部分土地自民國59年被劃入林口都市計畫區，人口外移情形相當嚴重，固有的生活與歷史文化逐漸式微，早期耕耘的稻田與茶園因工業化社會而快速荒廢。然而，長年實施管制的結果，延遲了地區發展的進程，但保留了原始的閩南生活樣貌，也使得周遭環境免於工業汙染的威脅。數十年以來，山林田地逐漸地荒野化，也形成了野生動植物的良好棲地，意外造就了豐富的自然生態景觀，與周遭的南崁及林口新市鎮相比，別有一番風味，成為了蘆竹的後花園。    近年來，屋主王先生 tony Wang 有感於都會生活繁忙，回憶早期純樸的生活環境，他自外商公司財務長退休後，因興趣使然而開始著手整理老屋周遭環境，一切從零開始的園藝生活非常繁忙但也相當充實，親自清除雜草、園藝整理，努力至今稍有成果。目前種植有香草園及多種本土景觀植物，四季輪流綻放花朵吐露芬芳，景色優美，如山櫻花、桂花、樟樹、肖楠、羅漢松、茶花、黃花風鈴木、梔子花、南洋衫…等。後山有自然林間小徑，前又有赤塗崎溪生態園區、坑子溪休閒農業區、鄰近羊稠坑步道…等，提供踏青郊遊的多樣選擇，傍晚時段非常涼爽，天邊升起的月亮也很美，添加更多美好的時光。,,桃園市蘆竹區坑子里14鄰八德二路280巷11號,338,桃園市,蘆竹區,886-905-111918,,A15010000H,,https://taiwan.taiwanstay.net.tw/twpic/155524.JPG?v=20250702,照片,https://taiwan.taiwanstay.net.tw/twpic/155523.JPG?v=20250702,照片,https://taiwan.taiwanstay.net.tw/twpic/155522.JPG?v=20250702,照片,121.340014,25.069929,4,,,"餐廳,會議場所,無線網路,停車場,,,,兒童遊樂設施,,",車位:小客車0輛、機車0輛、大客車0輛,4,6000,6000,0,,16,0,,,0
C4_A15010000H_031863,城市商旅北門二館,位於台北市的旅館,,臺北市大同區長安西路271號2樓至4樓、275號1樓至4樓,103,臺北市,大同區,886-2-25525777,886-2-25522255,A15010000H,,https://taiwan.taiwanstay.net.tw/twpic/173175.jpg?v=20250702,北門二館- 北門客房,,,,,121.510668,25.052158,3,,,,車位:小客車0輛、機車0輛、大客車0輛,19,9000,12000,0,reservation.bm@citysuites.com.tw,38,0,,,0
C4_A15010000H_032225,喜園旅館,位於台北市的旅館,,臺北市萬華區中華路一段90號3樓、3樓之1、3樓之2,108,臺北市,萬華區,886-2-77309920,,A15010000H,,,,,,,,121.508590,25.044679,3,,雙人房(無障礙客房)0;,"無線網路,國民旅遊卡,無障礙客房,,,,行動支付,導覽解說,,",車位:小客車0輛、機車0輛、大客車0輛,35,25000,25000,0,,97,0,,,0
C4_A15010000H_032244,米窩飯店-站前,位於台北市的旅館,,臺北市中正區忠孝西路1段50號7樓、7樓之1、之2、之3、8樓,100,臺北市,中正區,886-2-23810028,886-2-23810026,A15010000H,https://watermeworld.wixsite.com/watermeworld,,,,,,,121.518985,25.046029,3,,其他(無障礙客房)0;,"無線網路,無障礙客房,自助洗衣(收費),,,,,自行車友善旅宿",車位:小客車0輛、機車0輛、大客車0輛,200,8000,13200,0,watermeworld@gmail.com,279,0,,,0
C4_A15010000H_032265,雀客快捷台北永康,位於台北市的旅館,,臺北市中正區信義路二段73號(1至7樓、1樓夾層、公共使用),100,臺北市,中正區,886-2-23212721,,A15010000H,,https://taiwan.taiwanstay.net.tw/twpic/187038.jpg?v=20250702,純捷雙人客房,https://taiwan.taiwanstay.net.tw/twpic/187040.jpg?v=20250702,純捷雙床客房,https://taiwan.taiwanstay.net.tw/twpic/187039.jpg?v=20250702,純捷雙床客房,121.526546,25.034612,3,,,,車位:小客車0輛、機車0輛、大客車0輛,43,16500,20000,0,,86,0,,,0
C4_A15010000H_032403,希爾商旅台北館,位於台北市的旅館,,臺北市中山區南京東路二段11號4至5樓,104,臺北市,中山區,886-2-25678858,,A15010000H,,,,,,,,121.528451,25.052305,3,,,,車位:小客車0輛、機車0輛、大客車0輛,32,2000,8000,0,taipei@hotelshere.com.tw,64,0,,,0
C4_A15010000H_032516,陸號行旅中華館,位於台北市的旅館,,臺北市萬華區中華路一段90號9樓、11樓,108,臺北市,萬華區,886-2-23112522,886-2-23112520,A15010000H,,,,,,,,121.508475,25.044688,3,,,,車位:小客車0輛、機車0輛、大客車0輛,72,12880,20880,0,fn1@lemidi-hotel.com.tw,232,0,,,0
C4_A15010000H_032517,苓旅旅館萬年館,位於台北市的旅館,,臺北市萬華區西寧南路70號7樓,108,臺北市,萬華區,886-2-23814188,,A15010000H,,,,,,,,121.505894,25.043513,3,,,,車位:小客車0輛、機車0輛、大客車0輛,29,1280,11180,0,,76,0,,,0
C4_A15010000H_032612,葛瑞絲商旅敦北館,葛瑞絲商旅敦北館，位處於台北市經濟商業公司林立的敦化北路林蔭大道上與民生東路、慶城街路口；是金融商圈更是人文薈萃綠樹成蔭的都市綠洲。我們共有34間現代精緻各式客房，周邊與台北捷運系統站、南京東路購物百貨商圈比鄰。方便商務出差的您或是來至台北城市旅行的旅客。本商旅臨近松山機場、小巨蛋、MRT捷運站，步行皆僅約10分鐘、至台北車站或至台北101信義商圈皆僅需15分鐘車程。,,臺北市松山區敦化北路216號1樓至5樓,105,臺北市,松山區,886-2-27886682,886-2-27186663,A15010000H,https://www.gracehotel.com.tw,https://taiwan.taiwanstay.net.tw/twpic/186854.jpg?v=20250702,飯店外觀及房間,https://taiwan.taiwanstay.net.tw/twpic/186853.jpg?v=20250702,飯店外觀及房間,https://taiwan.taiwanstay.net.tw/twpic/186852.jpg?v=20250702,飯店外觀及房間,121.548720,25.058398,3,,,"無線網路,國民旅遊卡,自助洗衣(收費),,,,洗衣服務,接送服務,行動支付,,",車位:小客車0輛、機車0輛、大客車0輛,34,4180,14080,0,,92,0,,,0
C4_A15010000H_032943,台北棧,位於台北市的旅館,,臺北市中正區許昌街40號5樓、5樓之1、5樓之2、6樓、6樓之1、6樓之2、7樓、7樓之1、7樓之2、7樓之3,100,臺北市,中正區,886-2-23313381,,A15010000H,,,,,,,,121.515611,25.045401,3,,,,車位:小客車0輛、機車0輛、大客車0輛,34,6000,15000,0,Taipeiinn6006@gmail.com,110,0,,,0
C4_A15010000H_032944,天母之星商務會館,位於台北市的旅館,,"臺北市北投區石牌路一段166巷46號,2樓至7樓、2樓之1至5樓之1、2樓之2至5樓之2",112,臺北市,北投區,886-2-28231896,886-2-28221810,A15010000H,http://service-apartment.com.tw/,,,,,,,121.513994,25.113619,3,,,,車位:小客車0輛、機車0輛、大客車0輛,17,6000,12000,0,shipai168@gmail.com,48,0,,,0
C4_A15010000H_033132,慶爾喜旅館西門捷運館,位於台北市的旅館,,臺北市萬華區中華路一段152號7樓、11樓及成都路1號7樓、11樓,108,臺北市,萬華區,886-2-77309920,,A15010000H,,,,,,,,121.507990,25.042735,3,,,,車位:小客車0輛、機車0輛、大客車0輛,21,18000,35000,0,cheersplushotel@gmail.com,51,0,,,0
C4_A15010000H_033183,陸號行旅西門館,位於台北市的旅館,,臺北市萬華區中華路一段152號5樓、5樓之1、9樓、10樓；成都路1號9樓、10樓,108,臺北市,萬華區,886-2-23144003,886-2-23146645,A15010000H,,,,,,,,121.507990,25.042735,3,,,,車位:小客車0輛、機車0輛、大客車0輛,27,12800,14800,0,mg@hotel6.com.tw,48,0,,,0
C4_A15010000H_033229,成都壹壹壹商旅,位於台北市的旅館,,臺北市萬華區成都路111號1樓-6樓,108,臺北市,萬華區,886-2-23751022,886-2-2331,A15010000H,,,,,,,,121.504124,25.043304,3,,,,車位:小客車0輛、機車0輛、大客車0輛,11,12880,29800,0,taipei.tomorrow@gmail.com,28,0,,,0
C4_A15010000H_033230,立和商務旅館-漢口館,位於台北市的旅館,,臺北市萬華區漢口街二段54號10樓,108,臺北市,萬華區,886-2-23613350,886-2-2361-6552,A15010000H,,,,,,,,121.505792,25.045673,3,,,,車位:小客車0輛、機車0輛、大客車0輛,59,20000,40000,0,lihohankou@gmail.com,133,0,,,0
C4_A15010000H_033231,摩莎曼拉商務旅館-西門館,位於台北市的旅館,,臺北市萬華區漢口街二段54號8樓、8樓之1、8樓之6、8樓之7、8樓 之8、9樓、9樓之1,108,臺北市,萬華區,886-2-23613350,886-2-23616552,A15010000H,,,,,,,,121.505792,25.045673,3,,,,車位:小客車0輛、機車0輛、大客車0輛,88,20000,40000,0,moshamanlaximen@gmail.com,200,0,,,0
C4_A15010000H_033655,台灣西鐵國際旅館,保持西日本鐵道株式會社旗下索拉利亞飯店系列一貫的理念，索拉利亞西鐵飯店台北西門以一個位於都市中可以提供客人既優雅又時髦的空間與時間的飯店為目標預定將於2023年在台北年輕人的靈魂中心西門町開幕。身為台北市數一數二熱鬧的觀光區，西門町一直都是台灣年輕族群文化與流行的發烊地，聚集了電影院、咖啡廳、流行服飾店或是角色周邊商店與飾品店。不能錯過的還有各式知名的老店與觀光景點，不只是台北的年輕人，西門町也一直是世界各地來訪的旅客於台北不容錯過的地區。處於如此充滿活力的環境，索拉利亞西鐵飯店台北西門為您準備了對應一大床、兩小床或是三床房的的各式房間滿足各種背景客人的需求，全館現代台灣風格的房間可讓處於如此幾乎過於熱鬧環境中的旅客依然可以擁有一個安靜舒適的休息空間。,,臺北市萬華區中華路一段88號1樓、6樓至28樓,108,臺北市,萬華區,886-2-23143939,886-2-2314,A15010000H,https://solariataipei.mydirectstay.com/tw/,https://taiwan.taiwanstay.net.tw/twpic/261561.JPG?v=20250702,飯店專用出入口,https://taiwan.taiwanstay.net.tw/twpic/261564.JPG?v=20250702,大廳,https://taiwan.taiwanstay.net.tw/twpic/261562.jpg?v=20250702,大廳,121.508520,25.045065,3,,,,車位:小客車141輛、機車132輛、大客車0輛,298,11700,18000,0,solaria_tw@nnr-h.com.tw,610,0,,,273
C4_A15010000H_036986,美好行旅北車漢口館,歡迎您來到美好行旅 WonderTime 北車三館，一個為您打造的溫馨旅居，讓每一位旅客都能感受到家的溫暖與舒適。我們精心設計了多種房型，包括專屬女子八人房、專屬男子八人房、男女混合八人房、四人房及VIP雙人房，滿足不同旅客的需求與偏好。我們提供高品質的公共衛浴設施，並配備了知名品牌MR.SMITH的洗沐浴用品和戴森吹風機，確保您在旅途中能享受到舒適的沐浴體驗。美好行旅 WonderTime 北車三館位於台北市中心，毗鄰台北火車站，距離西門町及捷運站僅幾步之遙，周邊美食林立，是探索台北的絕佳起點。在這裡，您不僅能享受便捷的交通和優越的地理位置，還能感受到我們無微不至的服務與關懷。我們期待您的光臨，並願在美好行旅 WonderTime 北車三館，為您留下難忘的美好回憶。,,臺北市中正區漢口街1段45號6樓,100,臺北市,中正區,886-2-23818008,,A15010000H,https://booking.owlting.com/b8c08ba6-81b6-4c9b-a640-9ae41975fa09/,https://taiwan.taiwanstay.net.tw/twpic/289510.jpg?v=20250702,大廳,https://taiwan.taiwanstay.net.tw/twpic/289509.jpg?v=20250702,大廳,,,121.514688,25.045264,3,,,,車位:小客車0輛、機車0輛、大客車0輛,21,350,28000,0,tpe.wondertime3@gmail.com,70,0,,,0
